,1,2,3,4,5,6,7,8,9,10,11,12,13,14,15,16,17,18
LON.7DIG.Close,1,1,1,844,676,718,226.5,484,565.5,716,552,483,113,178,294,709,809,755
LON.88E.Close,2,2,2,1,771,858,584,34,133,202,805,182,421,195,619,313,455,55
LON.AAA.Close,3,3,3,857,855,870,866,870,887,889,888,462,901,904,867.5,918,871,890
LON.AAOG.Close,4,4,4,858,856,871,867,871,888,890,889,897,902,905,913,919,920,827
LON.AAU.Close,5,5,5,29,203,119,430,119,302,459,561,437,424,223.5,470,381,700,576
LON.AAZ.Close,6,6,6,61,89,11,9,41,628,113,93,50,789,382,797,814,825,644
LON.ABBY.Close,7,7,7,710,634,647,318,544,436,463,223,188,312,466,580,605,493,429
LON.ABC.Close,8,8,8,605,551,114,104,257,402,294,219,595,639,458,373,376,261,170
LON.ABDP.Close,9,9,9,82,88,366,297,496,353,587,279,176,221,343,328,424,441,630
LON.ABTU.Close,10,10,10,859,857,872,868,872,889,891,890,898,903,906,914,838.5,899,891
LON.ABZA.Close,11,11,11,497,552,709,627,594,505,613,728,654,428,395,419,754,379,289
LON.ACC.Close,12,12,12,295,296,227,468,521.5,648,453,603.5,621,751,634.5,618,611.5,572,588.5
LON.ACP.Close,13,13,13,596.5,843,711,552,67,254,56,68,331,821,873,887,887,693.5,484
LON.ACRL.Close,14,14,14,860,858,873,869,873,159,345,440,582,298,304,299,421,412,384
LON.ACSO.Close,15,15,15,149,107,165,100,172,202,475,367,332,386,464,372,216,264,255
LON.AD4.Close,16,16,16,751,625,633,369,244,124,591,718,799,548,614,598,780,686,694
LON.ADA.Close,17,17,17,476.5,468,807,581,663,890,724,651,899,55,65,104,489.5,638,839
LON.ADAM.Close,18,18,18,861,859,717,870,874,480.5,238,147,104,331,907,655,530,921,892
LON.ADGO.Close,19,19,19,756,666,173,237,260.5,324.5,317,354.5,581,372,771,272,60.5,17,124.5
LON.ADL.Close,20,20,20,862,860,874,834,527,495.5,767.5,864,874,361.5,257.5,223.5,786,733.5,821
LON.ADT.Close,21,21,21,284.5,190,171,519,536,716,651,420,198,141,162,221,278,380,424
LON.AEG.Close,22,22,22,535,747,597,817,827,797,580.5,280,328,336,662,707,745,225,220
LON.AEN.Close,23,23,23,436,160,313,373,758,727,76,49,107,798,386,70,12,18,35
LON.AEO.Close,24,24,24,319,419,268,258,345,694,492,401,610,638,663,286,481,732,731
LON.AERO.Close,25,25,25,855,852,868,832.5,860,702,775,791.5,881,897,900,905,745,766,767.5
LON.AFC.Close,26,26,26,833,797,246,124,52,123,561,656,485,665,857,863,834.5,623,705
LON.AFG.Close,27,27,27,852,720.5,664,12,33,36,838,753,563,77,417,809,859,835,282
LON.AFHP.Close,28,28,28,581,482,284,330,479,641,478,449,364.5,480,320,354,296,440,30
LON.AFMC.Close,29,29,29,335,321,225,173,225,474,333,352,299,479,460,497,506,516,411
LON.AFN.Close,30,30,30,811,821,771,80,70.5,121,482,340,284,439,600,821,826,849,645.5
LON.AFS.Close,31,31,31,284.5,212,277,514,706,714,815,778,768.5,310,398,319.5,584,502,493
LON.AFX.Close,32,32,32,863,861,875,871,875,891,892,891,900,904,908,915,920,922,893
LON.AGL.Close,33,33,33,457,240,691,326,597,298,625,358,820,785,677,669,385,573,110
LON.AGM.Close,34,34,34,434,536,683,614,684,697,328,492.5,578,526,358.5,250,256,112,98
LON.AGP.Close,35,35,35,864,862,876,872,876,892,893,892,901,905,909,96,8,815,880
LON.AGQ.Close,36,36,36,525,725,693,496,625,761,844,771,672,215.5,79,268,367,818,627
LON.AGTA.Close,37,37,37,832,832,856,725,321,217.5,609,834.5,850.5,786,267.5,58,188,474,159.5
LON.AGY.Close,38,38,38,541,639,769,745,774,492,283,295,300,248,201,150,371,410.5,606
LON.AHCG.Close,39,39,39,153,239,422,453,671,521.5,670,491,607.5,487,644,675,829,749,647
LON.AIEA.Close,40,40,40,322.5,328,725,551,412,50,41,42,146,397,762,728,616,339,265
LON.AKR.Close,41,41,41,315,65,54,19,38,358,237,737,835,893,893,803,90,145,765
LON.ALBA.Close,42,42,42,240,822,839,811,642,138,31,75,77.5,453.5,723,841,817,765,626
LON.ALT.Close,43,43,43,192,219,106,67,29,9,5,5,36,153,795,792,717,275,580
LON.AMBR.Close,44,44,44,774,813,549,418,620,848,851,810,621,346,311,693,699,511,229
LON.AMC.Close,45,45,45,700,827,816,751,761,752,340,8,7,9,695,790,882,870,815
LON.AMED.Close,46,46,46,816.5,818,518.5,292.5,210,277,105,18,20,133,629,610,540,768,735
LON.AMER.Close,47,47,47,303,515,498,406,503,678,346,258,277,713,811,798,608,235,213.5
LON.AMO.Close,48,48,48,539,644,341,110,86,210,372,167,139,222,348.5,298,222,355,354
LON.AMP.Close,49,49,49,209,270,594,475,498,461,797,800,808,677,642,734,113,165,86
LON.AMPH.Close,50,50,50,234,255,306,873,280,564,894,893,298,379,910,329,231,190,894
LON.AMS.Close,51,51,51,356,265,248,157,223,321,527,452,486,623,625,364,115,109,201
LON.AMYT.Close,52,52,52,662,761,825,686,338.5,266,490,758,213,246,167,496,136,92,208
LON.ANCR.Close,53,53,53,248,236.5,310,222,341,351,301,173,260,413,253,114,110,365,668
LON.ANGS.Close,54,54,54,865,863,877,874,877,893,895,894,902,906,66,602,767,705,300
LON.ANP.Close,55,55,55,611,701,526,467,471,409,341,393,191,523,413,429,248,207,309
LON.ANR.Close,56,56,56,72,153,809,853,862,864,706,315,255,164,80,95,448,890,799
LON.AOR.Close,57,57,57,792,749,666,158,146,447,786,769,738,733,853,853,832,687,684
LON.APC.Close,58,58,58,459,170,580,189,329,682,793,776,694,815,515,360,141,335.5,648
LON.APGN.Close,59,59,59,456,646,495,440,198,341.5,233,559,533,501,339,323,563,349,352
LON.APH.Close,60,60,60,664,487,593,305,351,489,439,586,393,407,473,426,585,296,381
LON.APQ.Close,61,61,61,866,864,878,875,878,894,896,473,447,907,748,457.5,921,284,895
LON.ARBB.Close,62,62,62,371,196,292.5,368,445,516,556,606,503,390,520,547,517,357,525
LON.ARC.Close,63,63,63,463,468,503.5,85,51,179,729,818,459,205,127,225,165,88,584
LON.ARDN.Close,64,64,64,629,682,640,502,324,181,96,138,273,417,525,540,617,179,92
LON.ARG.Close,65,65,65,755,405.5,161,574,500,674,276,231,196,132,354,810,849,848,581
LON.ARGO.Close,66,66,66,163,168,150.5,550,570,73,54,71,657,620,537.5,570,589,527,480
LON.ARGP.Close,67,67,67,107,340.5,134,783.5,846.5,833,875.5,830,833,512.5,69,74,489.5,868,896
LON.ARL.Close,68,68,68,57,86,328,766,144,65,43,637,818,812,705,332,591,764,783
LON.ARS.Close,69,69,69,14,58,846,346,227,442,477,322,276,217,32,48,70,454,444
LON.ARTA.Close,70,70,70,410,524,427,426,330,235,288,187,385,328,462,451,524,343,396.5
LON.ASA.Close,71,71,71,60,155,793,253,25,4,12,38,761,862,766,527,144,560,631
LON.ASC.Close,72,72,72,215,207,147,119,132,219,258,256,389,499,404,236,293,211,345
LON.ASH.Close,73,73,73,555,496,672,680.5,790,381,421,417,729,666,502,546,624,390,147
LON.ASO.Close,74,74,74,20,799,833,712,590,835,882,854,871,281,52,53,194,579,553
LON.AST.Close,75,75,75,49,752,869,830,60,54,107,546.5,61,50,37,153,678,811,770
LON.ASTO.Close,76,76,76,467,413,267,146,145,339,484,331,402,551,711,774,751,763,392
LON.ASY.Close,77,77,77,533,365,131,278,367.5,336,366,135,155,174,449,521,459,371,171
LON.ATQT.Close,78,78,78,842,824,158,88,99,282,270.5,130,289,465,911,772,655,923,433
LON.ATYM.Close,79,79,79,296,288,271,478,787,756,732,43,68,31,457,427,638,658,586
LON.AUG.Close,80,80,80,449,224,318,427,560,352,255,97,261,536,784,567,157,199,224
LON.AUK.Close,81,81,81,674,562,805,804,815.5,679,437,743.5,478.5,803.5,602.5,715,161,791,729
LON.AURA.Close,82,82,82,867,865,879,876,879,895,897,895,848,361.5,149,231,795,821,805
LON.AUTG.Close,83,83,83,868,866,880,877,880,896,898,238,357,525,850,892,879,685,258
LON.AVCT.Close,84,84,84,612,604,673,714,596,543,422,701,747,776,778,759,158,79,60
LON.AVG.Close,85,85,85,104,114,111,177,319,527,419,551,468,512.5,231,228,126,399,437
LON.AVN.Close,86,86,86,740,806,827,865,849,875,564,823,731,771,840,881,873,876,846
LON.AVO.Close,87,87,87,511,340.5,759,753,817,795,680,869,782,856,808,901,911,903,873
LON.AXM.Close,88,88,88,219,765.5,723,743.5,19,432,135,806.5,522,608.5,803.5,876,824.5,594,625
LON.AXS.Close,89,89,89,394,412,253,300,226,491,420,641,553,685,634.5,573,178,132,161
LON.BAGR.Close,90,90,90,757.5,379,612,27,173,660,873,796,216,356,528,350,189,362.5,634
LON.BBSN.Close,91,91,91,732,189,292.5,63,649,320,620,695,840,883,899,902,834.5,565,306
LON.BCN.Close,92,92,92,399,121,65,220,617,661,664,671,757,625,265,226,213,564,487
LON.BEG.Close,93,93,93,527,446,327,345,433,519,438,329,390,430,499,489,423,416,383
LON.BEM.Close,94,94,94,754,655,36,573,353,843,184,155,179,8,39,73,878,670,211
LON.BGO.Close,95,95,95,828,520,112,26,21,55,326,660,815,266,123,27,89,217,414
LON.BHRD.Close,96,96,96,730,597,732,488,551,259,262,283,543,342,389,396,537,393,554
LON.BILB.Close,97,97,97,332,277,467,754,765,811,822,808,853,833,842,865,779,40,15
LON.BILL.Close,98,98,98,401,84,141,152,822,778,773,516,288,284,221,223.5,400,889,878
LON.BILN.Close,99,99,99,764,739,688,171,302,398,737,495,467,305,575,492,574,378,475
LON.BIOM.Close,100,100,100,166,198,829,840,798,258,190,624,667,488,483,480,19,43,17
LON.BKY.Close,101,101,101,172,101,77,50,125,176,502,364,183,100,237,697,863,729,535
LON.BLEY.Close,102,102,102,486,578,475.5,878,630,469,899,212,313,317,412,597,659,419,249
LON.BLTG.Close,103,103,103,204,236.5,529,439,438,250,530,362,356,177,266,549,870,867,841
LON.BLU.Close,104,104,104,737.5,350.5,33.5,162.5,663,792,818.5,440,177,38,405,284,857,269.5,14
LON.BLUR.Close,105,105,105,807,708,851,783.5,842,712,836,32,18,53,835,411,78,156,863
LON.BLV.Close,106,106,106,280,175,66,137,239,415,323,749,800,826,694,434,609,259,311
LON.BLVN.Close,107,107,107,330,621,334,349,92,311,286,597,548,302.5,140,84,161,641,744
LON.BMK.Close,108,108,108,777,569,157,215,236,418,314,159,112,63,215,390,680,636,683
LON.BMN.Close,109,109,109,766.5,867,657,780.5,881,809,713,338.5,85,30,44,9,10,5,140
LON.BMR.Close,110,110,110,93,59,851,733,342,62,19,471,131,646,115,683,784,864,792
LON.BMTO.Close,111,111,111,448,868,242,275,882,347,900,896,903,908,912,916,567,924,897
LON.BNN.Close,112,112,112,34,9,27,84,127,148,95,454,607.5,746,754,819,845,877,842
LON.BNR.Close,113,113,113,821,836,866,850,833,386.5,150,546.5,862,250,18,35,151,428,39
LON.BOD.Close,114,114,114,12,16,10,417,521.5,863,758,715,67,288,689,852,719.5,341,54
LON.BOIL.Close,115,115,115,331,122,441,212.5,776,734,830,662,635,233,537.5,421,773,340,362
LON.BOO.Close,116,116,116,210,157,107,72,58,57,40,66,101,267,239,201,112,97,33
LON.BOOM.Close,117,117,117,598.5,587,540,508,485,672,607,730,325,542,237,672,669,740,491
LON.BOR.Close,118,118,118,713,303,125,668,688.5,723,92,107,31,43,45,125,854,893,872
LON.BOS.Close,119,119,119,869,869,881,879,883,897,888,84,25,22,887,180.5,28,16,304
LON.BOTB.Close,120,120,120,189,751,724,709,409,168,170,139,119,56,124,140,368,297,183
LON.BOX.Close,121,121,121,870,870,882,880,192,511.5,752,830,629.5,608.5,740.5,866,824.5,717.5,461
LON.BPC.Close,122,122,122,493,662,753,420.5,707,774,727,774,615,40,186,191,861,556,756
LON.BPM.Close,123,123,123,374,355,299,144,205,231,452,498,296,440,553,632,447,293,223
LON.BRD.Close,124,124,124,705,778,740,778,766,855,858,857,863,762,799,349,606,474,868
LON.BREE.Close,125,125,125,281,390,553,370,431,337,630,408,434,410,537.5,389,402,198,333
LON.BRH.Close,126,126,126,501,468,298,14,27,52,846,773,786,105,139,76,625,495,569
LON.BRK.Close,127,127,127,499,495,568,348,222,395,480,647,353,329,282,431,300,152,148
LON.BRY.Close,128,128,128,542,261,199,134,394,377,510.5,350,421.5,238,348.5,366,642,519,402
LON.BSE.Close,129,129,129,84.5,73,30,10,70.5,70,106,79,254,116,175,77,253,398,425
LON.BST.Close,130,130,130,871,871,883,881,884,898,901,897,904,909,913,308,601,547,655
LON.BUR.Close,131,131,131,146,102,195,97,147,195,189,201.5,84,124,110,134,198.5,147,122
LON.BVXP.Close,132,132,132,675,631,392,411,271,375,127,185,116,352,288,167,185,166,322
LON.BXP.Close,133,133,133,305,263,156,194,111,228,70,120,51,151,244,415,388,282,280
LON.BYOT.Close,134,134,134,322.5,695,674,324,154,167,441,407,321.5,580,469,601,475,681,349
LON.BZM.Close,135,135,135,825,810,844,769.5,220.5,495.5,253.5,440,35,190,381,721,645,277,1
LON.BZT.Close,136,136,136,547,500,457,602,413,225,85,142,748,550,851,880,900,869,396.5
LON.C21.Close,137,137,137,779,798,784,592.5,841,856,811,35,59,426.5,774,755,32,141,50
LON.C4XD.Close,138,138,138,673,565,385,138,297.5,569,582,644,566,757,630,684,545,569,432
LON.CAF.Close,139,139,139,110.5,768.5,778.5,859.5,255.5,434.5,63,73.5,789.5,588.5,881.5,194.5,457.5,812.5,810.5
LON.CAKE.Close,140,140,140,593,561,698,671,612,470,528,625,371,292,285,522,405,247,302
LON.CALL.Close,141,141,141,498,283,716,710,691,525,493,353,323,148,210,107,155,203,529
LON.CAM.Close,142,142,142,657,610,383,206,377,524,614,234,117,144,325,555,548,484,481
LON.CAMB.Close,143,143,143,719,522,583,288,670,634,635,686,565,613,316,242,251,291,542
LON.CAML.Close,144,144,144,151,316,563,494,277,224,300,150,118,169,374,677,590,617,347
LON.CASP.Close,145,145,145,136,397,706,556,344,651,330,328,189,702,580,501,267,568,688
LON.CBP.Close,146,146,146,408,586,703,771,613,798,817,840,545,240,234,267,343,209,551
LON.CBUY.Close,147,147,147,175,169,817,691,519,245,855,841,861,818,869,754,161,64,77
LON.CCP.Close,148,148,148,432,457,351,404,423,572,532,527,536,433,222,108,100,351.5,478
LON.CCT.Close,149,149,149,416,257.5,379,499,638,554,602,628,306,242,228,614,631,588,385
LON.CEPS.Close,150,150,150,647,720.5,635,532.5,583,657,631,541,569,695.5,683,653,551.5,254.5,70.5
LON.CER.Close,151,151,151,872,872,295,622,336,238,178,360,253,296,269,592,559,660,583
LON.CFX.Close,152,152,152,370,387,408,408,494,545,390,354.5,246,457,492,758,656,523,281
LON.CGH.Close,153,153,153,243,611,177.5,186,182,743,226,129,57,118,31,37,29,485,428
LON.CGNR.Close,154,154,154,804,335,78.5,34,378,498,770,765,869,877,707,490,770.5,774,145
LON.CGP.Close,155,155,155,873,873,429,366,885,696,761,898,850.5,846,766,607,404,912,898
LON.CHA.Close,156,156,156,741,783,453,321.5,128,53,373,716.5,860,596,442,871,915,902,831
LON.CHAR.Close,157,157,157,30,93,535,821,796,56,91,98,661,647,218,24,27,75,780
LON.CHH.Close,158,158,158,297,441,449,457,388,221,388,411,491,291,165,219,230,527,609
LON.CHRT.Close,159,159,159,316,302,745,493,704,439,531,128,109,212,322,418,470,555,537
LON.CIC.Close,160,160,160,557,606,610.5,624,366,382,260,463,448,541,419,314,259,383,434
LON.CIHL.Close,161,161,161,757.5,874,884,612,886,899,61,52,90,41,179,249,785,814,69
LON.CIN.Close,162,162,162,839,801,571,820,857,870,861,136,110,602,788,747,242,72,67
LON.CIRC.Close,163,163,163,728,539,278,334,777,600,662,261,631,198,114,81,125,219,899
LON.CITY.Close,164,164,164,415,172,104,386,354,643,472,649.5,558,715,805,760,224,53,68
LON.CLIN.Close,165,165,165,708,667,305,122,229,299,336,188,449,384,369,333,286,347,260
LON.CLL.Close,166,166,166,238,225,285,301,361,396,481,544,506,557,273,235,114,242,376
LON.CLNR.Close,167,167,167,831,825,743,537.5,122,10,10,61,865,828,294,539,411,619,473
LON.CLON.Close,168,168,168,99.5,661,3,162.5,12,546,72,121,768.5,649,733,752,801,851.5,56
LON.CLP.Close,169,169,169,753,468,196,306,673,540,204,145,605.5,645,700,706,689,606,461
LON.CLSU.Close,170,170,170,168,875,820,882,786,346,902,292,702,695.5,773,465,551.5,395,57
LON.CLTV.Close,171,171,171,476.5,79,39,35,81,349,406,529,161,26,43,168,733.5,711,332
LON.CMB.Close,172,172,172,251.5,112,174,145,156,541,42,80.5,77.5,644,430.5,605,223,298.5,91
LON.CMCL.Close,173,173,173,874,876,94,70.5,66,51,123,649.5,850.5,653,153,121,661,682,645.5
LON.CMH.Close,174,174,174,572,633,722,662,656,180,198,175,153,79,117,187,49,32,26
LON.CMX.Close,175,175,175,244,185,421,307,584,476,485.5,345,555,477,566,508.5,621,498,900
LON.CNC.Close,176,176,176,237,434,530,479,469,480.5,675,457,478.5,547,658,399.5,177,46,93
LON.CNEL.Close,177,177,177,723,42,175,257,830,262,274,343,663,777,801,742,688,118,508
LON.CNG.Close,178,178,178,81,620,391,413,462,509,494,536.5,741,767,517,508.5,569,543,585
LON.CNIC.Close,179,179,179,531,712,618,547,595,630,489,285,279,443.5,563,529,502,238,217
LON.CNKS.Close,180,180,180,367,576,513,643,710.5,791,857,837,762,239,122,171,108,583,604
LON.CNMI.Close,181,181,181,691.5,877,294,229,759,393.5,903,172,643,910,653.5,560,565,823,901
LON.CNN.Close,182,182,182,746,673.5,785,716,698,399,412,385,421.5,120,330,387.5,489.5,281,120
LON.CNR.Close,183,183,183,279,97,56,111,77,466,663,858,739,447,70,213,573,698,566
LON.CNS.Close,184,184,184,721,659.5,738,772,658,865,837,865,653,873,880,882,179,71,27
LON.COG.Close,185,185,185,820,826,531,223,101,27,36,151,714,336,356,252.5,93,138,47
LON.COM.Close,186,186,186,875,878,885,883,887,214,230,402,613,654,686,842,880,897,885
LON.CON.Close,187,187,187,40,31,24,437,779.5,812.5,789,750,749,309,655,436,643,358,389
LON.COR.Close,188,188,188,545,549,569,562,645,665,619,488,421.5,660,696,508.5,339,163,277.5
LON.COS.Close,189,189,189,681,447,606,81,105,132,780,804,677,725,599,795,483,678,572
LON.CPS.Close,190,190,190,548,554,590,523,367.5,350,257,277,475,496,701,337,466,254.5,367
LON.CPT.Close,191,191,191,698.5,468,586,1,1,1,78,357,617,671,565,630,526,756,826
LON.CPX.Close,192,192,192,91,167,97,167,364,506,572,404,348,13,42,127,866,845,732.5
LON.CRAW.Close,193,193,193,277,184,217,554,543,878,878,882,804,884,852,645,48,30,73
LON.CRC.Close,194,194,194,876,497,401,884,888,900,904,899,905,911,914,917,922,925,902
LON.CREO.Close,195,195,195,877,879,886,885,889,901,905,900,906,912,915,482,579,601,461
LON.CRND.Close,196,196,196,551,787,855,855,855,827,750,416,612,753,776,885,888,905,903
LON.CRON.Close,197,197,197,772.5,785,835,783.5,818.5,39,50,10,756,85,673,144,372,65,120
LON.CROS.Close,198,198,198,801.5,735,765,667,559,134,162,160,625,162,64,40,152,260,676
LON.CRPR.Close,199,199,199,191,226,192,125,241,183,342,153,165,93,190,200,471,310,340
LON.CRS.Close,200,200,200,334,291,442,524,291,189,183,400,272,235,197,291,277,457,595
LON.CRU.Close,201,201,201,621,468,548,489,632,410,497,284,562,854,858,825,227,314,279
LON.CRV.Close,202,202,202,878,880,887,886,890,902,906,661,864,879,879,849,782,278,134
LON.CRW.Close,203,203,203,349,346,232,141,153,82,166,397,307,438,303,634,619,266,328
LON.CSFG.Close,204,204,204,838,844.5,863,734,78,33,140,815,907,888,825.5,918,827.5,879,904
LON.CSSG.Close,205,205,205,570,601,721,705,778,726,757,615,421.5,115,147,38,52,44,538
LON.CTG.Close,206,206,206,760,792,795,756,582,507,287,428,591,534,426,585,633,527,271
LON.CTH.Close,207,207,207,271,444,435,442,247,397,306,412,174,110,137,301,379,396,234
LON.CTP.Close,208,208,208,600,614,538,365,614,728,706,584,575,729,615,386,169,193,324
LON.CVR.Close,209,209,209,352,538,699,323,322,338,616,573,398,193,150,203,190,185,199
LON.CVSG.Close,210,210,210,579,358,331,231,253,378,351,196,130,230,586,437,150,101,146
LON.CWR.Close,211,211,211,168,64,120,224,457,446,282,508,819,706,548,246,538,321,237
LON.CYAN.Close,212,212,212,33,99,110,802,668,587,253.5,440,241.5,599.5,537.5,735,594.5,711,682
LON.CZA.Close,213,213,213,556,76,49,36,478,815,777,228,126,208,764,785,773,501,312
LON.D4T4.Close,214,214,214,101,395,654,340,540,472.5,624,216,70,134,493,835,660,200,162
LON.DALR.Close,215,215,215,77,220,182,201,68,122,155,512,671,659,584,292,630,316,184
LON.DAR.Close,216,216,216,879,881,888,887,891,903,548,901,908,913,916,919,923,926,905
LON.DATA.Close,217,217,217,80,56,126,356.5,392,329,175,146,195,175,176,210,674,751,577
LON.DCD.Close,218,218,218,431,425,369,312,611,690.5,677,902,421.5,512.5,917,508.5,489.5,474,461
LON.DCI.Close,219,219,219,826,773,602,793,792,748,405,89,69,76,437.5,611,683,801.5,771
LON.DCTA.Close,220,220,220,880,882,889,888,143,814,823,757,495,425,567,804,867,872,856
LON.DDDD.Close,221,221,221,245,488,677,682,733,633,417,429,618,585,661,874,901,901,862
LON.DEMG.Close,222,222,222,747,405.5,102,96,118,556,763,786,753,601,501,564.5,417,504,387
LON.DFX.Close,223,223,223,221,368,329,590,737,804,849,826,540,160,107,461,250,33,16
LON.DGB.Close,224,224,224,607,514,636,269,402,198,660,710,776,718,712,822,781,761,545
LON.DGOC.Close,225,225,225,881,883,890,889,892,904,907,903,909,914,918,920,924,392,906
LON.DIS.Close,226,226,226,420,140,209,208,497,247,247,363,590,125,96,56,30,22,66
LON.DKL.Close,227,227,227,178,246,536,735,734,725,335,252,509,347,667,401,324,124,246
LON.DNL.Close,228,228,228,510,525,400,367,467,646,659,761,768.5,641,249,215,428,500,474
LON.DODS.Close,229,229,229,154,136,265,280,464,666,460,535,388,531,523,616,566,524,552
LON.DOTD.Close,230,230,230,584,402,541,344,258,211,329,264,236,294,308,239,249,220,275
LON.DPP.Close,231,231,231,254,312,78.5,25,32,271,332,377,200,387,463,708,708,735,675
LON.DRG.Close,232,232,232,234,665,570,448,893,356,219.5,904,910,915,783,921,925,67,34
LON.DRV.Close,233,233,233,596.5,814,792,837,631,268,65,90,187,537,836,830,800,162,111
LON.DSG.Close,234,234,234,156,571,515,379,382.5,477,510.5,281,206,274,581.5,687,627,513,819
LON.DTC.Close,235,235,235,229,440,315,107,116,223,657,607,609,256,99.5,155,302,748,377.5
LON.DTG.Close,236,236,236,265,264,689,704,802,793,810,318,163,102,347,425,205,223,196
LON.DUKE.Close,237,237,237,381,187,222,337,292,613,600,603.5,551,612,420,600,582.5,726,677
LON.DUPD.Close,238,238,238,667,592,620,233.5,410,490,360,271,234,603,698.5,711,628,567,267
LON.DWHT.Close,239,239,239,617,422,337,270,189,343,355,549,520,681,647,566,298,389,361
LON.EAH.Close,240,240,240,219,200,204,205,230,246,252,222,281,432,514,523,572,229,198
LON.EBQ.Close,241,241,241,677,622,705,476,729,649,747,425,490,364,512,289,391,197,360
LON.ECHO.Close,242,242,242,812.5,834.5,842.5,521.5,605.5,78.5,214.5,47.5,805.5,842,870.5,4.5,1.5,1.5,31.5
LON.ECK.Close,243,243,243,311,306,224,396,417,777,782,708,466,456,606,530,398,180,158
LON.ECO.Close,244,244,244,882,884,891,890,894,905,908,905,911,916,919,922,926,348,461
LON.ECR.Close,245,245,245,404,777,806,844,866,881,879,847,802,197,26,18,44,173,540
LON.ECSC.Close,246,246,246,883,885,892,891,895,906,909,906,912,917,920,141,34,12,36
LON.EDEN.Close,247,247,247,745,775,757,401,150,149,415,553,380,229,351,628,716,788,613
LON.EDL.Close,248,248,248,687,838,742,726,676,295,147,476,680,54,48,46,725,598,492
LON.EDR.Close,249,249,249,624,129,47,69,117,233,103,503,627,742,825.5,818,803,711,753
LON.EEP.Close,250,250,250,476.5,510,426,395,477,531,411,440,370,636,561,695,635,596,534
LON.EGS.Close,251,251,251,409,504,296,701,311.5,717,352,766,669,635,106,66,54,99,116
LON.EHG.Close,252,252,252,566,540,775,814,785,620,232,623,220,360,255,413,461,344,490
LON.EKF.Close,253,253,253,150,403,215.5,68,140,371,451,157,168,374,513,183,182,241,563
LON.EKT.Close,254,254,254,762,854,489,356.5,3,303.5,174,440,103,265,433,769,676,351.5,238
LON.ELA.Close,255,255,255,236,142,377,683,213,110,98,390,247,181,132,257,194,172,205
LON.ELCO.Close,256,256,256,360,276,386,601,347,269,132,190,210,179,212,133,111,125,232.5
LON.ELE.Close,257,257,257,476.5,658,712,652,788,729,688,124,97.5,196,309,536,489.5,750,696
LON.EMAN.Close,258,258,258,492,527,316,472,142,173,196,663,637,378,272,149,117,93,200
LON.EME.Close,259,259,259,395,126,121,219,328,292,887,886,891,16,14,61.5,521.5,562,741
LON.EMH.Close,260,260,260,27,15,9,52,192,178,39,65,207,504,38,25,64,762,844
LON.EMIS.Close,261,261,261,507,507,527,244,506,547,759,582,362,404,598,656,358,409,375
LON.EMR.Close,262,262,262,537,451,508,235,166,119,234,513,560,286,129,179,175,224,154
LON.ENGI.Close,263,263,263,505,714,622,818,851.5,841,275,25,121,88,551,375,810,609,477
LON.ENTU.Close,264,264,264,203,298,547,815,844,860,877,855,817,182,225,194.5,301,368,461
LON.EOG.Close,265,265,265,126,350.5,700,484,245,274,468.5,313,452,484,552,358,96,188,188
LON.EPO.Close,266,266,266,822,595,632,715,694,526,141,106,65,138,161,175,271,620,710
LON.EPWN.Close,267,267,267,532,530,643,718,716,574,520,601,600,500,262,446,187,447,318
LON.EQT.Close,268,268,268,231,30,81,371,679,803,741,596,844,20,12,75,893,900,506
LON.ERGO.Close,269,269,269,669,710,764,675,686.5,609,397,163,120,57,101,165,533,574,451
LON.ESCH.Close,270,270,270,652,208,655,176,362,265,442.5,590,403,678,734,730,647,158,61
LON.ESG.Close,271,271,271,16,41,440,292.5,178,86,250,312,546,225,465,542,831,779,413
LON.ESL.Close,272,272,272,884,886,893,892,896,907,910,907,913,918,921,923,927,927,907
LON.ESO.Close,273,273,273,439,383.5,148,147,268,240,71,55,73,316,379,704,269,181,76
LON.ETX.Close,274,274,274,830,407,812,433,741,576,833,787,722,669,498,335,623,610,341
LON.EUA.Close,275,275,275,251.5,533,534,630,646,736,208.5,244,54,737,651.5,869,728,644,330
LON.EUSP.Close,276,276,276,543,173,41,49,20,40,53,254,286,158,156,397,657,451,329
LON.EVG.Close,277,277,277,668,370,559,498,200,112,185,375,526,735.5,737,624,435,707,602
LON.EVRH.Close,278,278,278,716.5,668.5,777,655,46,12,7,23,17,7,8,82,681,777,730
LON.EWG.Close,279,279,279,736,730,478,512,508,587,544,538,399,512.5,416,620,735,874,875
LON.EYE.Close,280,280,280,641,348,834,836,848,171,152,110,564,381,452,230,85,13,24
LON.EZH.Close,281,281,281,461,414,509,719,669,406,188,274,433,575,715,703,321,192,96
LON.FARN.Close,282,282,282,487,548,420,364,444,459,525,487,376,156.5,126,36,18,15,97
LON.FBT.Close,283,283,283,786,718,758,276.5,482,99,142.5,133,383,676,859,886,890,770,779
LON.FCR.Close,284,284,284,727,22,234.5,41,769,690.5,365,218,745,740,828,752,898,878,869
LON.FCRM.Close,285,285,285,52,61,304,477,577,647,203,109,89,145,211,311,553,604,512
LON.FDBK.Close,286,286,286,495,260,219,597,838,89,63,13,190,168,746.5,68,71,20,190
LON.FDEV.Close,287,287,287,649,677,591,572,682,441,381,205,56,95,125,428,203,66,81
LON.FDI.Close,288,288,288,68,70,300,78,104,71,122,195,458,674,529,739,556,627,380
LON.FDP.Close,289,289,289,223,128,133,271,405,448,423,384,294,262,394,164,237,102,264
LON.FEN.Close,290,290,290,589,675,682,628,333,145,157,414,662,631,286,324,325,208,343.5
LON.FEVR.Close,291,291,291,576,134,239,58,112,157,407,287,184,142,171,145,133,159,221
LON.FFWD.Close,292,292,292,201,563,517,788,725,719,555,732,604,553,589,789,392,195,87
LON.FFX.Close,293,293,293,97,210,260,520,568,722,578,642,150,72,73,88,109,54,172
LON.FIF.Close,294,294,294,392,314,448,242,301,333,521,633,534,734,461,702,446,464,314
LON.FIH.Close,295,295,295,574,698,544,482,346,203,145,255,461,470,130,139,181,552,548
LON.FIPP.Close,296,296,296,96,104,357.5,243,265,116,359,489,292,117,82,395,739,807,632.5
LON.FISH.Close,297,297,297,53,25.5,69,51,231,622,711,530,638,558,252,152,192,566,521
LON.FITB.Close,298,298,298,806,435,859,841,868,773,649,511,777,748.5,855.5,845,733.5,696,799
LON.FJET.Close,299,299,299,846,846,587,480.5,603,707,831,845,763,698,332,493,650,538,515
LON.FLK.Close,300,300,300,294,344,280,592.5,263,480.5,396,602,340,380,406,548,472.5,330,273
LON.FLO.Close,301,301,301,148,235,707.5,722,701,193,217,427,492,652,604,463,132,182,286
LON.FLOW.Close,302,302,302,90,648,789,838,561,708,487,820,735,871,876,888,896,914,888
LON.FLTA.Close,303,303,303,885,887,894,893,897,908,911,908,914,919,922,694,821,723,700
LON.FLX.Close,304,304,304,665,820,677,792,547,495.5,58,44,32,581,721,663,239,69,285
LON.FOG.Close,305,305,305,65,67,137,801,782.5,836,652,665,172,245,9,7,6,52,679
LON.FOX.Close,306,306,306,643,577,637,645,599,465,450,631,788,792,283,242,62,530,496
LON.FPM.Close,307,307,307,94,214,289,620,619,520,239,246,64,166,142,581,618,672,736
LON.FPO.Close,308,308,308,696,570,539,374,375,484.5,410,308,232,445,643,524.5,294,268,355.5
LON.FRAN.Close,309,309,309,886,888,895,894,898,909,912,51,460,152,579,118,94.5,95,649
LON.FREE.Close,310,310,310,887,889,896,895,899,910,913,909,915,920,87,137,762,669,709
LON.FRP.Close,311,311,311,613,737,720,609,720,807,869,862,895,899,901,748,602,810,749
LON.FST.Close,312,312,312,888,890,897,896,900,911,914,910,916,921,923,924,928,928,297
LON.FTC.Close,313,313,313,105,37,98,47,250,318,745,703,339,279,172,740,684,462,179
LON.FUL.Close,314,314,314,615,423,198,184,278,234,599,579,587.5,268,425,591,384,518,439
LON.FUM.Close,315,315,315,805,762,371,94,36,13,16,30,549,693,685,717,510,346,261
LON.FXI.Close,316,316,316,226,143,728,621,418,453,134,539,344,760,679,709,705,911,882
LON.G4M.Close,317,317,317,554,445,641,266,161,23,15,17,39,74,75,255,648,176,80
LON.GAL.Close,318,318,318,561,130,22,60,39,328,101,669,826,866,682,115,791,721,799
LON.GAMA.Close,319,319,319,339,286,486,536,429,175,259,335,571,405,434,420,229,246,247
LON.GAN.Close,320,320,320,552,468,99,409.5,88,182,177,673,666,739,632,806,742,747,687
LON.GATC.Close,321,321,321,635,417,803,777,712,301,379,720,721,720,505,394,437,326,296
LON.GBG.Close,322,322,322,282,216,286,290,391,288,774,725,715,191,241,391,221,114,89
LON.GBGI.Close,323,323,323,889,891,898,897,901,912,915,911,917,922,924,925,929,251,167
LON.GBP.Close,324,324,324,567,409.5,261,76,228,508,798,570,405,277.5,296,281,441,757.5,399
LON.GCM.Close,325,325,325,6,5,7,607,159.5,103,666,21,22,10,866,879,869,98,23
LON.GDL.Close,326,326,326,184,615,467,779,526,861,783,707,19,62,170,802,644,728,748
LON.GDP.Close,327,327,327,130,305,63,356.5,294,731,310,621,598,690,152,91,107,537,637
LON.GDR.Close,328,328,328,784,788,419,380.5,337,839,853.5,775,337,322,797,814,820,576,562
LON.GEM.Close,329,329,329,583,603,639,600,558,105.5,148,144,472,392,728,743,776,778,758
LON.GEO.Close,330,330,330,65,80,177.5,730.5,673,838,1,1,1,759,103,172,26,25,18
LON.GFIN.Close,331,331,331,799,815,828,133,135,88,706,320,91,78,184,142,53,116,338
LON.GFM.Close,332,332,332,222,221,154,114,95,66,176,116,127,263,574,457.5,315,474,610
LON.GGP.Close,333,333,333,3,2,12,676.5,673,853,700,834.5,305,65,51,72,698,56,5
LON.GHE.Close,334,334,334,365,544,484,380.5,395,454,537,569,513,546,399,381,349,449,499
LON.GHH.Close,335,335,335,528,376,344,281,246,354,418,594,496,311,189,170,252,280,303
LON.GHS.Close,336,336,336,454,523,339,422,295,528,454,591,471,414,456,455,445,283,288
LON.GIPO.Close,337,337,337,809,829,899,898,902,913,916,912,918,923,925,903,787,629,908
LON.GLIF.Close,338,338,338,634,543,719,492,722,640,784,670,499,336,509,686,732,822,781
LON.GLOO.Close,339,339,339,506,502,357.5,356.5,465,619,538,467,514,583,640,534,518,929,579
LON.GLR.Close,340,340,340,701,638,574,497,304,282,46,100,108,84,4,8,13,129,88
LON.GMAA.Close,341,341,341,502,653,818,825,723,784,736,836,354,51,60,85,407,361,191
LON.GMR.Close,342,342,342,413,404,417,559,486.5,602,636,743.5,716,642,537.5,779,695,724,486
LON.GOAL.Close,343,343,343,771,716,252,400,234,529,378,726,391,423,324,571,401,391,369.5
LON.GOOD.Close,344,344,344,212,223,324,389,458,332,181,225,231,570,519,609,613,667,727
LON.GOT.Close,345,345,345,890,892,900,899,208,432,792,634,890,851,749.5,15,244,536,327
LON.GPX.Close,346,346,346,21,163,851,843,799,587,433,36,4,5,63,884,903,894,836
LON.GRA.Close,347,347,347,217,55,240,608,815.5,762,779,722,795,738,817,651,504,41,101
LON.GRL.Close,348,348,348,15,6,5,535,836,844,845,822,877,721.5,367.5,302,745,520,207
LON.GROW.Close,349,349,349,891,893,901,900,903,463,303,181,319,489,570,462,462,559,587
LON.GRPH.Close,350,350,350,165,297,89,901,904,914,917,913,919,924,926,904,819,635,83
LON.GSH.Close,351,351,351,892,894,902,902,486.5,587,552,338.5,421.5,512.5,626,607,662,673.5,572
LON.GSR.Close,352,352,352,13,12,22,729,821,872.5,841.5,716.5,421.5,803.5,818.5,893,856,851.5,461
LON.GTC.Close,353,353,353,720,505,528,434,565,170,199,166,217,98,209,661,812,550,408
LON.GTLY.Close,354,354,354,489,308,335,160,203,279,557,598,275,202,208,315,226,134,108
LON.GUN.Close,355,355,355,698.5,819,790.5,780.5,450.5,93.5,88.5,440,828,849.5,791,194.5,489.5,474,767.5
LON.GUS.Close,356,356,356,389,269,155,525,715,741,464,289.5,224,156.5,295,331,653,544,728
LON.GWI.Close,357,357,357,689,429,393,192,414,536,679,914,97.5,109,927,637,336,325,177
LON.GWMO.Close,358,358,358,219,421,146,74,260.5,587,618,351,366,784,769,466,327,474,680
LON.HAIK.Close,359,359,359,89,17,4,29,131,737,728,682,559,61,92,64,120,104,10
LON.HALO.Close,360,360,360,788,626,460,537.5,376,790,832,884,892,863,113,111,536,853.5,887
LON.HAT.Close,361,361,361,164,180,203,164,139,652,547,395,280,464,681,343,452,332,363
LON.HAWK.Close,362,362,362,636.5,508,847,511,752,393.5,331,53,185,83,702,770,846,847,812
LON.HAYD.Close,363,363,363,512,119,164,416,512,313.5,383,344,692,502,572,414,499,394,228
LON.HAYT.Close,364,364,364,460,590,487,529,355,388,370,583,650,797,886,864,738,144,643
LON.HCM.Close,365,365,365,752,696,314,226.5,468,658,499,179,124,269,616,104,99,58,570
LON.HDD.Close,366,366,366,775,697,418,658.5,108,357,245.5,801,758,199,169,148,84,28,9
LON.HDT.Close,367,367,367,95,91,237,631,767,548,264,224,469,315,407,263,397,444,909
LON.HER.Close,368,368,368,849,28.5,60.5,54.5,851.5,587,841.5,440,828,512.5,537.5,3,5,10,884
LON.HGM.Close,369,369,369,39,120,48,54.5,115,92,307,203,634,326,151,199,757,688,615
LON.HMI.Close,370,370,370,132,356,357.5,757,6,8,8,712,408,808,821,877,675,737,769
LON.HMLH.Close,371,371,371,616,337,256,252,490,626,503,193,140,206,370,535,514,582,667
LON.HNL.Close,372,372,372,98,745,851,851,24,25,26,832,796,318,199,206,104,930,910
LON.HOTC.Close,373,373,373,893,895,903,903,460,187,97,148,102,545,335,442,119,105,139
LON.HPAC.Close,374,374,374,894,233,904,904,905,429.5,918,915,484,544,653.5,508.5,500,274,461
LON.HRN.Close,375,375,375,847,627,619,687,628,261,395,332,737,466,451,321,399,503,533
LON.HSM.Close,376,376,376,895,468,905,356.5,180,915,617,398,920,925,524,554,930,417.5,911
LON.HSP.Close,377,377,377,769.5,609,343,332,350,504,224,237,72,321,180,212,131,196,503
LON.HUM.Close,378,378,378,37.5,131,213,212.5,586,426,751,731,794,528,154,94,366,452,398
LON.HUNT.Close,379,379,379,453,547,670,644,521.5,324.5,235,585,593,710,516,688,603.5,663,431
LON.HUR.Close,380,380,380,152,49,44,82,40,28,25,99,122,210,203,309,180,676,824
LON.HUW.Close,381,381,381,571,484,402,291,530,715,665,600,551,624,688,625,348,312,203
LON.HVE.Close,382,382,382,147,204,461,741,804,718,574,525.5,629.5,453.5,430.5,110,75,121,416
LON.HVO.Close,383,383,383,366,388,303,528,600,623,648,576,616,163,798,768,883,675,757
LON.HVTA.Close,384,384,384,644,896,90,905,906,823,919,916,921,512.5,928,926,482,931,912
LON.HYDG.Close,385,385,385,290,138,406,571,533,391,208.5,379,525,351,596,467,580,425,438
LON.HYR.Close,386,386,386,834,839,604,23,30,229,874,867,823,656,145,154,210,798,828
LON.HZD.Close,387,387,387,157,262,490,603,545,514,767.5,817,508,126,76,185,212,177,415
LON.HZM.Close,388,388,388,121,92,234.5,623,699,587,500,191.5,203.5,173,163,288,440,684,578
LON.IAE.Close,389,389,389,25,27,20,139,283,673,99,112,60,135,141,277,413,548,556
LON.IBPO.Close,390,390,390,896,3,2,75,64,60,75,158,451,554,587,564.5,543,630.5,608
LON.IDEA.Close,391,391,391,324,242,251,316,443,558,534,323,137,150,138,237,123,245,403
LON.IDH.Close,392,392,392,800,808,801,375,169,130,292,296.5,293,103,133,146,143,356,388
LON.IDOX.Close,393,393,393,308,213,135,193,184,417,553,699,532,357,254,367,353,487,544
LON.IGAS.Close,394,394,394,465,339,439,762,514,750,589,811,678,572,843,899,899,883,629
LON.IGC.Close,395,395,395,382,300,185,232,219,405,187,423,350,614,344,214,220,233,364
LON.IGE.Close,396,396,396,670,591,71,30,10,18,23,421,401,827,646,456,258,648,656
LON.IGP.Close,397,397,397,650,635,629,684,562,859,828,851,523,744,757,791,570,231,78
LON.IGR.Close,398,398,398,411,359,428,185,82,49,133,208,734,663,664,151,63,115,331
LON.IHC.Close,399,399,399,134,174,221,174,129,334,364,618,352,628,537.5,710,438,553,365
LON.IIP.Close,400,400,400,769.5,670,577,441,688.5,703,712,653,807,842,874,859,850,592,294
LON.IKA.Close,401,401,401,257,363,524,742,572,705,488,748,651,692,383,398,691,509,489
LON.IME.Close,402,402,402,113,18,37,132,470,76,69,213,673,774,672,517,594.5,706,822
LON.IMM.Close,403,403,403,452,148,113,109,232,376,524,342,81,89,91,537,511,602,536
LON.IMO.Close,404,404,404,428,391,183,153,171,457,615,678,676,481,385,345,170,171,138
LON.IMTK.Close,405,405,405,17,96,188,857,808,866,692,733,48,254,131,641,282.5,607,461
LON.IND.Close,406,406,406,661,748,388,451,151,205,298,558,482,532,355,359,255,80,64
LON.INDI.Close,407,407,407,114,141,32,39,17,29,82,803,730,619,134,424,331.5,386,621
LON.INFA.Close,408,408,408,51,66,600,849,837,559,696,698,875,829,885,826,797,183,120
LON.INFT.Close,409,409,409,274,165,565,648,809,685.5,632,574,845,870,855.5,68,35,42,717.5
LON.ING.Close,410,410,410,485,479,433.5,372,199,91,131,268,611,375,220,161,206,558,708
LON.INL.Close,411,411,411,592,585,756,651,499,467,643,704,551,409,410,543,472.5,551,564
LON.INS.Close,412,412,412,232,209,201,398,313,141,161,676,798,796,594,780,792,589,359
LON.INSE.Close,413,413,413,601,437,564,431,574,287,380,381,450,535,289,293,116,324,527
LON.INSP.Close,414,414,414,540,750,824,809,721,825,834,848.5,834,868,820,813,260,269.5,131.5
LON.IOF.Close,415,415,415,71,21,13,656,651.5,739,678,813,774,755,590,626,172,86,100
LON.IOG.Close,416,416,416,35,32,68,37,28,510,577,861,214,848,280,723,88,647,517
LON.IOM.Close,417,417,417,264,357,398,214,299,518,671,555,259,236,459,569,578,402,225
LON.IPEL.Close,418,418,418,445,593,749,649,441,293,387,478,524,359,439,363,403,424,520
LON.IPX.Close,419,419,419,287,249,139.5,238,406,653,596,391,96,92,121,248,139,90,150
LON.IQE.Close,420,420,420,521,454,746,136,121,67,197,103,113,136,164,80,50,60,193
LON.IRG.Close,421,421,421,812.5,834.5,842.5,521.5,605.5,78.5,214.5,47.5,805.5,842,870.5,4.5,1.5,1.5,31.5
LON.IRON.Close,422,422,422,421,373,551,131,517,579,734,643,628,365,440,524.5,763,757.5,773
LON.IRR.Close,423,423,423,897,23,438,6,8,37,641,211,46,626.5,88,13,14,36,737
LON.ITM.Close,424,424,424,587,162,82,195,114,209,115,306,237,794,839,799,176,74,72
LON.ITQ.Close,425,425,425,333,176,836,831,828,794,799,846,519,468,490,639,430,155,130
LON.ITX.Close,426,426,426,743,793,788,749,639,808,766,723,463,400,693,596,848,738,695
LON.IVO.Close,427,427,427,359,453,191,250,504,663,674,616,732,795,735,664,357,460,568
LON.IXI.Close,428,428,428,199,244,596,661,739,821,814,470,125,67,446,786,702,600,206
LON.JAY.Close,429,429,429,10,13,40,317,380,135,149,94,336,358,393,43,25,37,163
LON.JDG.Close,430,430,430,198,624,483,765,428,720,401,528,303,333,237,342,429,373,142
LON.JHD.Close,431,431,431,565,581,336,350,307,438,348,278,282,334,494,416,568,463,612
LON.JIL.Close,432,432,432,124,333,123,267,120,884,883,883,349,436,583,448,875,862,870
LON.JIM.Close,433,433,433,378,450,514,436,563,571,650,282,267,211,256,295,276,311,197
LON.JLH.Close,434,434,434,559,736,357.5,445,425.5,450,357.5,522,585,761,669,351.5,467,142,547
LON.JLP.Close,435,435,435,582,369,520,179,320,242,375,424,321.5,323,202,92,173,571,765
LON.JOG.Close,436,436,436,37.5,145,73,15,18,46,13,6,6,111,58,22,21,366,739
LON.JOUL.Close,437,437,437,898,897,906,906,644,305,281,319,250,283,174,378,129,215,123
LON.JPRL.Close,438,438,438,384.5,503,231,356.5,305,456,236,194,227,461,573,604,307,258,219
LON.JSG.Close,439,439,439,376,318,396,347,422,251,302,298,309,348,441,449,264.5,308,368
LON.JWNG.Close,440,440,440,418,411,433.5,480.5,581,625,673,336,219,154,148,274.5,333,652.5,601
LON.K3C.Close,441,441,441,899,898,907,907,907,916,920,917,922,926,929,927,931,932,913
LON.KBE.Close,442,442,442,7.5,52,15,28,31,877,821,877,850.5,874,443,843,902,888,63
LON.KBT.Close,443,443,443,466,494,345,553,579,487,296,486,639,839,779,773,418,866,866
LON.KCR.Close,444,444,444,602,71,150.5,313,908,709.5,611,918,567,219.5,120,122,489.5,461,582
LON.KDNC.Close,445,445,445,783,617,395,86,59,83,723,839,821.5,727,397,468,611.5,739,791
LON.KDR.Close,446,446,446,690,205.5,30,151,768,789,829,814,740,407,418,638,745,437,461
LON.KEFI.Close,447,447,447,74,25.5,67,384,756,688,835,856,809,571,251,732,626,575,168
LON.KEM.Close,448,448,448,241,468,413,783.5,575,766,510.5,565.5,26,49,29,126,449,829,351
LON.KENV.Close,449,449,449,377,501,649,848,861,846,51,11,14,42,30,71,264.5,754,498
LON.KIBO.Close,450,450,450,182,439,103,183,296,58,158,85,750,799,862,872,783,317,127
LON.KLBT.Close,451,451,451,709,711,740,669,593,237,315,577,706,831,749.5,781,614,608,472
LON.KLN.Close,452,452,452,406,516,650,594,772,869,699,738.5,161,855,592,701,363,702,914
LON.KMK.Close,453,453,453,302,672,467,515,643,732,646,639,614,731,323,194.5,127,426,372.5
LON.KOD.Close,454,454,454,476.5,468,790.5,356.5,94,11,18,226.5,82,2,10,83,847,83,319
LON.KOOV.Close,455,455,455,62,14,6,16,56,370,436,735,773,809,690,232,632,797,850
LON.KRS.Close,456,456,456,24,74,823,826,820,785.5,715,783,843,822,746.5,508.5,798,290,522
LON.KUBC.Close,457,457,457,712,649.5,713.5,808,260.5,155.5,44,330,535,302.5,361,60,76,135.5,725
LON.KWS.Close,458,458,458,177,150,118,103,123,90,137,86,133,187,260,205,59,149,137
LON.LCG.Close,459,459,459,614,807,605,636.5,806,845,848,816,754,837,257.5,508.5,80,733.5,461
LON.LDSG.Close,460,460,460,299,315,546,402,580,291,608,388,574,590,650,568,521.5,497,915
LON.LEAF.Close,461,461,461,341,664,423.5,236,158,368.5,686,677,624,455,299,410,597,612,495
LON.LEF.Close,462,462,462,900,899,794,908,909,699,921,919,765,927,527,928,932,933,916
LON.LEG.Close,463,463,463,7.5,28.5,83,730.5,509.5,776,812,626,241.5,716,837,242,194,362.5,799
LON.LEK.Close,464,464,464,326,192,150.5,443,564,239,200,114,178,114,391,698,843,839,796
LON.LGO.Close,465,465,465,317,828,830,828,823,851,853.5,682,347,393,292,325,693,715,144
LON.LGT.Close,466,466,466,119,159,781,641,813,146,580.5,115,342,452,160,269,91,591,310
LON.LID.Close,467,467,467,250,238,671,666,728,704,400,198,470,633,777,207,312,127,209
LON.LION.Close,468,468,468,48,215,584,452,217,201,398,689.5,873,758,68,86,453,850,720
LON.LIV.Close,469,469,469,778,408,283,255,566,200,80,58,92,483,491,719,439,360,299
LON.LME.Close,470,470,470,258.5,509,500,268,779.5,781,856,806.5,644,149,72,242,679,655,664
LON.LND.Close,471,471,471,11,19,14,44,93,45,229,137,642,591,475,659,427,690,497
LON.LOGP.Close,472,472,472,186,900,848,799,910,263,645,667,501.5,426.5,497,403.5,622,561,793
LON.LOK.Close,473,473,473,346,385,480,470,287,204,108,199,106,556,485,733,549,354,334
LON.LOOP.Close,474,474,474,901,901,908,909,911,917,922,380,511,104,219,190,706,376,426.5
LON.LPA.Close,475,475,475,145,166,415,503,571,330,109,123,128,200,310,713,760,741,611
LON.LRM.Close,476,476,476,586,693,782,768,755,788,320,369,100,416,336,264,36,48,95
LON.LSC.Close,477,477,477,309,468,909,658.5,538,918,245.5,514,406,928,455,653,933,367,243
LON.LTG.Close,478,478,478,414,719,710,542,318,373,399,418,310,129,166,258,225,230,343.5
LON.LTHM.Close,479,479,479,429,338,488,513,399,451,542,468,228,165,213,369,263,458,350
LON.LWRF.Close,480,480,480,526,786,701,230,235,207,640,484,175,442,755,736,561,23,48
LON.LXB.Close,481,481,481,412,817,796,813,286,472.5,785,866,866,801,314,347,378,532,806
LON.MAB1.Close,482,482,482,286,193,786,699,502,199,194,403,278,377,360,283,183,210,514
LON.MAC.Close,483,483,483,716.5,231,308,101,281,252,790,588,690,130,753,696,796,216,592
LON.MAFL.Close,484,484,484,731,729,579,200,137,177,268.5,356,326.5,398,41,16,15,84,186
LON.MAGP.Close,485,485,485,476.5,573,446,706.5,831.5,849.5,852,440,421.5,302.5,703,508.5,198.5,294,461
LON.MAI.Close,486,486,486,224,110,144,403,430,363,551,500,658,218,738,334,703,327,315
LON.MANX.Close,487,487,487,391,564,465,429,466,530,501,361,505,522,569,538,531,505,479
LON.MARL.Close,488,488,488,144,38,16,17,54,101,68,113,264,396,613,595,274,122,62
LON.MASA.Close,489,489,489,549,902,451.5,532.5,912,614,462,466,455,929,546,553,934,515,917
LON.MATD.Close,490,490,490,23,83,376,864,587,323,60,29,8,1,3,10,79,896,879
LON.MAYA.Close,491,491,491,744,776,735,800,185,61,22,201.5,577,820,601,374,331.5,664,590
LON.MBH.Close,492,492,492,426,645,748,696,264,414,762,819,787,471,471,124,118,47,369.5
LON.MBO.Close,493,493,493,653.5,48,910,42,408,659,772,873,923,538,33,929,234,403,155
LON.MBT.Close,494,494,494,848,755,458,22,215,215,211,26,27,119,453,840,330,382,126
LON.MCC.Close,495,495,495,47,784,737,487,604,296,4,3,2,17,13,182,393,731,666
LON.MCL.Close,496,496,496,902,903,911,910,233,213,353,272,330,492,716,486,299,218,269
LON.MCON.Close,497,497,497,268,152,207,279,416,654,248,177,209,476,736,211,146,100,236
LON.MDZ.Close,498,498,498,575,468,577,581,569,341.5,392.5,214.5,780.5,872,831,834,282.5,319.5,74
LON.MED.Close,499,499,499,516.5,651,630,640,501,820,816,798,504,721.5,744,847,804,865,777
LON.MEDI.Close,500,500,500,903,904,43,911,854,886,885,22,3,6,328,764,910,909,889
LON.MERC.Close,501,501,501,476.5,366,346,128,206,312,545,515,355,675,720,729,663,773,754
LON.MFX.Close,502,502,502,693,732,474,449,552,631,776,482,438,178,387,380,289,554,574
LON.MGR.Close,503,503,503,546,583,783,397,349,147,195,243,301,167,276,245,507,415,636
LON.MIDW.Close,504,504,504,904,905,912,912,610,449,583,564,580,112,116,113,292,421,561
LON.MIL.Close,505,505,505,140,906,91,383,913,698,626,389,464,512.5,607,636,935,614,918
LON.MIN.Close,506,506,506,190,726,577,563,163,565.5,566,782,489,611,549,52,51,55,760
LON.MIO.Close,507,507,507,19,117,491,272.5,162,95.5,430,131,784,834,609.5,28,17,49,295
LON.MIRA.Close,508,508,508,195.5,740,592,287,240,721,685,550,712,864,868,870,686,882,853
LON.MKA.Close,509,509,509,905,907,913,913,914,315,554,738.5,814,750,293,217,273,753,817
LON.MLIN.Close,510,510,510,796,559,230,159,744,783,748,399,169,161,207,100,218,206,133
LON.MLVN.Close,511,511,511,906,607,38,914,839,282,923,9,421.5,576,526,159,575,486,837
LON.MMH.Close,512,512,512,702,289,410,251,621,624,634,652,668,297,281,184,320,622,703
LON.MMX.Close,513,513,513,314,267,290,126,270,163,267,368,693,752,793,744,480,140,84
LON.MNC.Close,514,514,514,168,619,704,702,703,580,496,659,896,876,739,1,557,887,860
LON.MOGP.Close,515,515,515,355,50,51,170,677,701,714,396,421.5,691,745,313,106,51,231
LON.MONI.Close,516,516,516,32,51,317,728,648,667,598,156,252,332,803.5,762,764,640,430
LON.MORT.Close,517,517,517,907,531,914,915,661,919,290,242,308,566,571,574,515,350,372.5
LON.MOS.Close,518,518,518,651,734,776,738,450.5,26,20,27,885,892,896,873,769,490,202
LON.MPAY.Close,519,519,519,476.5,584,915,500,371,920,428,475,688,748.5,823,828,864,760,751
LON.MPE.Close,520,520,520,292,352,322,333,315,538,121,67,49,231,373,266,520,539,509
LON.MPH.Close,521,521,521,908,908,916,916,915,587,769,612,640,412,503,285,305,239,292
LON.MPL.Close,522,522,522,645,774,857,846,858,883,880,875,436,769,645,731,723,863,789
LON.MPM.Close,523,523,523,598.5,613,312,576.5,651.5,730,117,56,30,391,227,355,310,693.5,641.5
LON.MRL.Close,524,524,524,909,909,917,466,495,47,52,46,123,139,267.5,787,718,292,308
LON.MSG.Close,525,525,525,56,53,774,149,736,43,55,747,893,895,872,757,881,841,864
LON.MSI.Close,526,526,526,642,513,627,660,690,597,485.5,183,315,270,637,417,562,621,530
LON.MSMN.Close,527,527,527,853,612,53,95,100,740,720,333,621,341,768,422,395,168,320
LON.MSYS.Close,528,528,528,851,847,822,773,826,735,788,727,816,819,832,850,808,557,250.5
LON.MTFB.Close,529,529,529,239,241,162,187,419,655,802,876,879,853,376,472,68,68,114
LON.MTL.Close,530,530,530,41,57,30,240,683,767,813,460.5,724,598,770,857,886,881,743
LON.MTPH.Close,531,531,531,563.5,731,734,776,175,331,402,780,442.5,290,537.5,563,687,673.5,674
LON.MTR.Close,532,532,532,2,8,473,732,483,709.5,827,799,886,803.5,684,33,58,506,786
LON.MTW.Close,533,533,533,468,273,159,256,435,458,440,221,290,299,510,441,323,313,500
LON.MUBL.Close,534,534,534,141,137,25,90,102,534,541,269,510,648,781,685,304,263,422
LON.MUL.Close,535,535,535,402,353,255,247,290,595,409,451,329,561,617,476,434,492,476
LON.MUR.Close,536,536,536,553,455,403.5,309,456,521.5,722,540,446,788,802,832,334,413,395
LON.MWE.Close,537,537,537,609,690,374,211,188,500,746,450,507,597,649,471,288,226,141
LON.MWG.Close,538,538,538,694,780,727,690,473,282,251,174,334,650,670,485,11,24,6
LON.MXCP.Close,539,539,539,627,686,470,394,325,599,550,827,856,807,687,692,818,646,549.5
LON.MXCT.Close,540,540,540,910,910,325,286,432,542,81,50,38,33,61,45,137,338,672
LON.MXO.Close,541,541,541,836,760,115,460,96,95.5,139,592,711,490,481,392,641,692,832
LON.MYN.Close,542,542,542,827,849,831,633,384,871,864,802,358,881,892,900,907,908,876
LON.MYSL.Close,543,543,543,200,72,52,98,126,117,272,270,167,122,242,726,694,645,215
LON.MYSQ.Close,544,544,544,722,756,802,720,835,799,804,622,883,890,878,896,827.5,9,2
LON.MYT.Close,545,545,545,170,228,558,506,249,383,471,756,846,790,789,805,855,843,406
LON.MYX.Close,546,546,546,911,911,840,917,314,21,34,82,924,368,50,930,201,85,44
LON.NAH.Close,547,547,547,387,234,653,329,357,253,595,781,872,885,760,274.5,171,717.5,617
LON.NAK.Close,548,548,548,791,779,808,619,633,637,455,509,439,451,414,612,529,525,277.5
LON.NAR.Close,549,549,549,590,605,450,254,440,468,687,453,312,475,560,615,451,448,461
LON.NASA.Close,550,550,550,318,343,390,387,556,517,562,373,381,562.5,537.5,582,433,474,386
LON.NAUT.Close,551,551,551,789,728,502,425,439,618,510.5,531,568,857,895,867.5,587,135.5,614
LON.NBB.Close,552,552,552,340,205.5,275,175,805,567,725,373,733,376,384,265,394,76,355.5
LON.NBI.Close,553,553,553,373,313,116,483,705,612,291,104,111,99,248,783,836,577,128
LON.NCCL.Close,554,554,554,291,295,477,459,85,158,369,565.5,302,458,53,831,892,915,785
LON.NET.Close,555,555,555,368,436,302,336,211,455,367,387,197,407,333,557,228,430,248
LON.NETD.Close,556,556,556,388,311,370,794,834,819,168,33,23,71,78,177,168,934,919
LON.NFC.Close,557,557,557,179,191,264,341,176,128,261,521,602,401,205,189,207,435,435
LON.NGR.Close,558,558,558,734,800,729,822,685,706,325,440,24,18,17,176,750,833,845
LON.NICL.Close,559,559,559,307,274,208,241,459,611,431,267,170,324,423,300,235.5,337,669
LON.NIPT.Close,560,560,560,823,746,562,331,174,297,447,741,723,763,108,123,148,730,714
LON.NKTN.Close,561,561,561,815,683,667,819,825,832,694,754,842,810,883,65,20,14,852
LON.NOP.Close,562,562,562,253,171,35,245,323,755,661,229,149,46,144,445,770.5,817,603
LON.NSCI.Close,563,563,563,536,558,599,617,474,486,610,705.5,675,618,674,673,640,703,689
LON.NSH.Close,564,564,564,725,608,367,155,352,190,270.5,162,421.5,735.5,815,722,383,289,440
LON.NTBR.Close,565,565,565,491,486,394,154,272,364,647,304,377,195,342,282,592,404,483
LON.NTOG.Close,566,566,566,185,848,747,862,801,876,644,247,37,36,98,163,789.5,795,849
LON.NTQ.Close,567,567,567,490,511,333,118,103,236,297,326,202,215.5,363,169,81,126,423
LON.NUM.Close,568,568,568,595,362,372,540,492,422,213,337,233,255,271,499,347,570,409
LON.NUOG.Close,569,569,569,793,767,841,845,846.5,432,2,2,5,389,270,348,889,859,808
LON.NWF.Close,570,570,570,706,671,501,203,331,533,446,311,205,370,697,794,793,701,558
LON.NWT.Close,571,571,571,620,557,479,816,800,867,825,859,392,443.5,331,788,410,406,195
LON.NYO.Close,572,572,572,65,115,813.5,839,867,587,510.5,142,925,930,930,931,936,935,20
LON.OBD.Close,573,573,573,912,912,918,918,916,921,924,920,926,931,931,718,586,359,335
LON.OBT.Close,574,574,574,158,98,86,169,63,69,48,87,44,207,318,705,637,295,407
LON.OCL.Close,575,575,575,444,468,512,595,515,390,206,293,171,366,454,642,636,307,226
LON.OCT.Close,576,576,576,195.5,124.5,179,225,42,84,118.5,303,95,66,183,204,542,713,830
LON.ODX.Close,577,577,577,417,325,87,233.5,267,757,549,376,271,383,432,157,174,94,518
LON.OEX.Close,578,578,578,118,743,471,769.5,242.5,782,510.5,608,421.5,787,810,854,198.5,625,802
LON.OGN.Close,579,579,579,655,526,661.5,634,532,544,249,349,225,367,489,423,214,374,426.5
LON.OMG.Close,580,580,580,393,532,459,456,442,493,319,314,270,592,557,621,311,364,102
LON.OMI.Close,581,581,581,43,87,19,43,50,165,517,658,764,543,185,385,690,759,412
LON.OMIP.Close,582,582,582,818,699,651,613,770,513,529,170,772,699,782,368,666,234,920
LON.ONC.Close,583,583,583,913,913,919,919,615,462,448,366,285,344,704,640,455,137,222
LON.ONEV.Close,584,584,584,914,914,263,356.5,509.5,573,605.5,772,831,814,250,483.5,322,780,316
LON.ONL.Close,585,585,585,737.5,673.5,378,356.5,747.5,812.5,803,546.5,421.5,462,537.5,715,539,584,241
LON.OPG.Close,586,586,586,504,618,617,737,386,607,266,497,367,741,822,784,700,704,732.5
LON.OPM.Close,587,587,587,462,299,511,486,420,340,510.5,571,596,730,488,607,374,677,788
LON.OPP.Close,588,588,588,915,915,920,920,917,922,925,921,192.5,137,146,312,598,858,858
LON.OPPP.Close,589,589,589,916,916,921,921,918,923,926,922,889,765,891,138,891,191,921
LON.OPTI.Close,590,590,590,496,186,357.5,469,546,758,681,674,603,314,421,109,667,423,726
LON.ORCH.Close,591,591,591,618,428,319,567,750,810,570,410,345,632,555,469,344,342,270
LON.ORCP.Close,592,592,592,640,319,444,299,293,184,426,580,557,564,766,749,390,237,104
LON.ORE.Close,593,593,593,139,722,760,626,521.5,553,820,759.5,797,582,537.5,474,908,904,922
LON.ORM.Close,594,594,594,135,383.5,556,62,45,72,703.5,763,744,688,731,771,615,628,115
LON.OSI.Close,595,595,595,917,917,922,591,578,384,382,542,832,840,861,816.5,603.5,689,594
LON.OTC.Close,596,596,596,464,637,726,335,187,677,192,689.5,442.5,859,665,61.5,47,222,848
LON.OTM.Close,597,597,597,837,851,923,922,919,924,927,923,927,932,756,932,426,459,923
LON.OVG.Close,598,598,598,327,566,249,65,14,48,90,797,717,754,408,341,352,624,651
LON.OXP.Close,599,599,599,458,95,247,806,859,858,796,853,847,717,62,160,749,886,765
LON.PAA.Close,600,600,600,364,292,93,102,134,445,347,620,726,45,7,26,73,831,532
LON.PACL.Close,601,601,601,260,317,189,405,480,925,498,307,928,244,277,278,303,446,441
LON.PAF.Close,602,602,602,127,430.5,76,53,113,413,698,459,779,791,708,508.5,527.5,494,393
LON.PAL.Close,603,603,603,350,574,220,516,327,275,100,253,105,34.5,55,97,634,656,593
LON.PAM.Close,604,604,604,918,918,924,923,920,926,928,924,929,259,353,405,620,309,291
LON.PANR.Close,605,605,605,73,75,229,150,775,829,867,872,742,714,135,533,712,801.5,843
LON.PCA.Close,606,606,606,437,323,432,409.5,660,499,363,200,274,503,621,578,547,285,419.5
LON.PCF.Close,607,607,607,128,60,210,407,623,495.5,543,327,257,686,680,631,546,659,619
LON.PCGE.Close,608,608,608,776,805,861,842,840,842,655,844,868,896,729.5,379,282.5,696,818
LON.PCIP.Close,609,609,609,563.5,679,533,586,308,17,17,19,211,192,217,516,186,513,235
LON.PEB.Close,610,610,610,87,100,297,847,865,885,709,496,41,223,890,906,913,892,865
LON.PEBI.Close,611,611,611,750,492,751,311,686.5,217.5,309,40,218,463,830,233,370,578,759
LON.PEG.Close,612,612,612,298,272,397,295,157,290,136,122,29,107,274,296,153,194,421
LON.PEL.Close,613,613,613,187.5,438,382,304,48,114,343,70,28,15,84,270,501,808,692
LON.PEN.Close,614,614,614,711,663,45,18,49,142,627,96,262,140,605,305,328,169,262
LON.PERE.Close,615,615,615,110.5,768.5,778.5,859.5,255.5,434.5,63,73.5,789.5,588.5,881.5,194.5,457.5,812.5,810.5
LON.PET.Close,616,616,616,205,45,18,20,165,771,754,617,720,667,656,752,775,801.5,632.5
LON.PFP.Close,617,617,617,573,803,772,674,609,270,180,95,713,773,392,178,198.5,820,662
LON.PGD.Close,618,618,618,714,707,176,113,760,136,66,91,755,861,758,724,651,714,693
LON.PGH.Close,619,619,619,558,684,573,557,608,668,667,696,709,806,743,665,544,427,443
LON.PGY.Close,620,620,620,766.5,765.5,800,711,607,14,29,15,684,446,894,541,456,38,673
LON.PHC.Close,621,621,621,795,790,860,861,863,754,210,729,803,779,243,41,41,73,379
LON.PHD.Close,622,622,622,263,253,311,663,317,639,231,294,180,224,496,435,235.5,300,377.5
LON.PHE.Close,623,623,623,624,106,60.5,38,753,480.5,743,609,858,44,206,39,860,661,752
LON.PHO.Close,624,624,624,514,568,409,302,196,241,240,394,375,353,380,402,454,273,293
LON.PHSC.Close,625,625,625,249,364,279,462,749,759,795,746,771,747,709,518,516,301,524
LON.PIER.Close,626,626,626,44,39,50,419,194,120,173,556,664,683,468,586,715,708,681
LON.PIL.Close,627,627,627,234,246,657,546,489,568,392.5,510,157,257,157,407,262,529,510
LON.PILR.Close,628,628,628,919,919,925,391,921,927,474,925,930,340,477,622,478,323,325
LON.PIM.Close,629,629,629,362,442.5,609,517,434,601,461,645,544,651,313,393,469,613,663
LON.PIP.Close,630,630,630,814,506,228,190,109,359,94,860,703,845,602.5,763,33,50,94
LON.PIRI.Close,631,631,631,580,194,567,168,152,355,584,833,793,782.5,791,844,802,709,543
LON.PKG.Close,632,632,632,520,636,626,507,424,424,565,614,316,171,191,357,442,400,346
LON.PLA.Close,633,633,633,227,347,506,289,401,220,408,273,320,369,352,403.5,497,626,599
LON.PLMO.Close,634,634,634,739,468,357.5,356.5,70.5,93.5,88.5,682,688,743,791,878,874,801.5,851
LON.PLUS.Close,635,635,635,129,401,259,127,224,594,733,675,857,852,807,361,243,302,85
LON.PMEA.Close,636,636,636,476.5,920,33.5,924,922,587,929,926,665,512.5,20,933,60.5,696,924
LON.PMG.Close,637,637,637,197,517,730,790,481,306,116,462,400,429,648,801,737,593,272
LON.PML.Close,638,638,638,86,36,566,835,856,560,866,824,880,604.5,818.5,627,154,111,13
LON.PMP.Close,639,639,639,306,336,516,670,773,775,749,518,244,186,290,477.5,534,618,549.5
LON.PMR.Close,640,640,640,289,485,542,703,730,733,273,317,152,280,365,59,45,34,436
LON.PNS.Close,641,641,641,344,372,373,700,743,738,593,533,539,420,480,443,476,370,348
LON.POL.Close,642,642,642,75,146,95,123,37,345,394,149,134,272,800,775,872,796,686
LON.POLR.Close,643,643,643,683,629,601,583,539,621,653,575,453,131,187,276,387,305,109
LON.POS.Close,644,644,644,347,44,127,274,288,552,701,713,186,39,155,613,842,769,591
LON.PPC.Close,645,645,645,116,81,665,199,74,64,764,863,870,680,402,306,233,408,600
LON.PPG.Close,646,646,646,534,243,64,45,493,421,597,20,33,27,724,895,906,837,129
LON.PPIX.Close,647,647,647,28,921,130,566,598,41,27,45,203.5,524,168,119,55,8,8
LON.PPS.Close,648,648,648,143,222,368,548,237,326,268.5,794,632,844,814,860,505,160,157
LON.PREM.Close,649,649,649,18,188,403.5,692,845,868,865,778,688,460,35,44,57,720,772
LON.PRES.Close,650,650,650,686,709,644.5,294,251,638,575,525.5,135,68,301,572,837,611,670
LON.PRIM.Close,651,651,651,321,757,661.5,827,710.5,806,510.5,546.5,287,143,651.5,796,862,474,283.5
LON.PRM.Close,652,652,652,267,427,525,549,717,780,884,879,882,728,863,836,380,130,152
LON.PROX.Close,653,653,653,768,330,864,852,853,16,14,31,888,894,898,715,282.5,891,881
LON.PRP.Close,654,654,654,656,480,412,561,461,549,277,632,411,567,334,699,564,563,159.5
LON.PRS.Close,655,655,655,476.5,468,623,473.5,727,480.5,308,105,230,302.5,631,617,773,650,588.5
LON.PRSM.Close,656,656,656,920,922,384,129,16,22,30,132,52,82,196,336,66,19,22
LON.PSL.Close,657,657,657,500,322,389,676.5,818.5,831,702,697,821.5,882,897,898,37,4,4
LON.PSPI.Close,658,658,658,275,229,399,4,4,3,546,519,527,629,612,851,809,936,925
LON.PTCM.Close,659,659,659,684,535,634,399,659,828,781,751,74,577,578,848,841,333,230
LON.PTD.Close,660,660,660,608,217,163,89,97,411,586,638,646,607,641,550,464,384,323
LON.PTR.Close,661,661,661,679,744,430,143,275,206,536,440,421.5,568,193,297,460,834,833
LON.PTSG.Close,662,662,662,569,396,462,495,622,724,590,422,159,264,204,120,101,148,337
LON.PTY.Close,663,663,663,790,782,811,679,407,276,376,164,158,214,593,227,140,252,618
LON.PURP.Close,664,664,664,50,275,301,689,696,629,642,687,368,81,15,31,56,62,46
LON.PVR.Close,665,665,665,173,923,642,629,923,768.5,656,289.5,47,64,112,260,554,632,697
LON.PXOG.Close,666,666,666,228,703.5,821,338,89,24,21,34,530,898,902,910,876.5,801.5,807
LON.PXS.Close,667,667,667,300,668.5,185,420.5,79,197,87,16,16,75,860,883,682,642,212
LON.PYC.Close,668,668,668,273,680,80,760.5,309,822,794,821,718,847,867,862,736,666,650
LON.QFI.Close,669,669,669,138,139,266,810,541,464,205,599,660,573.5,375,649,897,913,883
LON.QTX.Close,670,670,670,193,499,456,182,124,152,638,764,746,724,247,340,164,445,301
LON.QXT.Close,671,671,671,103,199,572,325,348,97,256,83,136,183,448,339,208,279,528
LON.R4E.Close,672,672,672,301,62,92,105,709,802,703.5,492.5,181,562.5,717.5,712,685,782,624
LON.RBD.Close,673,673,673,65,433,167.5,356.5,43,587,826,789,421.5,703,719,104,527.5,443,461
LON.RBN.Close,674,674,674,351,589,469,646,789,764,753,392,311,441,518,679,346,410.5,305
LON.RC2.Close,675,675,675,476.5,560,357.5,282,167,303.5,172,359,931,579,609.5,934,759,937,926
LON.RCN.Close,676,676,676,424,326,625,461,667,423,739,868,878,867,554,588,607,595,559
LON.RDT.Close,677,677,677,759,541,197,264,450.5,561,628,472,599,719,848,861,853,771,809
LON.REAT.Close,678,678,678,354,161,481.5,650,692,684,594,589,811,836,865,508.5,513,534,721
LON.RED.Close,679,679,679,430,529,431,412,252,143,47,62,760,800,827,464,727,651,557
LON.REDD.Close,680,680,680,682,706,521,140,181,172,604,711,708,634,507,643,329,442,358
LON.REDS.Close,681,681,681,361,754,522,423,138,154,633,740,830,184,396,166,465,587,716
LON.REDX.Close,682,682,682,803,691,810,750,781,30,33,57,825,817,660,674,692,727,927
LON.RENE.Close,683,683,683,357.5,202,681,491,718,664,735,233,374,552,809,691,671,786,698
LON.RFX.Close,684,684,684,921,924,926,925,924,928,930,927,932,933,932,935,937,322,118
LON.RGD.Close,685,685,685,518,738,733,664,511,285,207,248,701,780,787,815,266,236,131.5
LON.RGM.Close,686,686,686,207,842,518.5,632,326,255.5,111,111,605.5,434.5,77,19,43,474,857
LON.RHL.Close,687,687,687,270,702,545,188,370,115,223,127,199,170,232,559,711,375,616
LON.RIC.Close,688,688,688,312,692,736,926,209,427,931,64,86,345,710,584,851,856,928
LON.RKH.Close,689,689,689,183,82,124,695,745,805,719,795,699,467,447,647,724,535,546
LON.RLD.Close,690,690,690,697,816,862,789,334,307,740,828,838.5,832,847,765,721,369,52
LON.RLE.Close,691,691,691,633,596,475.5,615,585,523,349,455,586,382,467,382,496,298.5,419.5
LON.RLH.Close,692,692,692,122,703.5,713.5,106,53,826,683,440,421.5,803.5,16,2,3,57,58
LON.RLM.Close,693,693,693,283,575,696,605,542,111,120,101,395,287,194,384,576,742,597.5
LON.RM2.Close,694,694,694,451,770,815,454,427,316,718,301,173,350,576,838,805,826,740
LON.RMA.Close,695,695,695,476.5,195,414,172,437,300,579,347,512,586.5,671,487,362,45,75
LON.RMM.Close,696,696,696,133,154,205,178,90,131,45,24,40,176,159,254,232,816,782
LON.RMP.Close,697,697,697,99.5,490,307,759,507,669,125,189,147,697,321,432,610,474,635
LON.RNWH.Close,698,698,698,604,628,613,509,403,404,371,239,148,227,279,552,365,599,488
LON.ROL.Close,699,699,699,544,705,660,625,369,515,539,734,736,705,484,399.5,450,228,244
LON.ROSE.Close,700,700,700,262,103,357.5,581,548,264,510.5,759.5,836.5,781,537.5,261,309,329,717.5
LON.RPT.Close,701,701,701,781,647,42,59,201,366,313,426,493,385,263,344,704,385,276
LON.RQIH.Close,702,702,702,125,246,269,596,390,160,138,171,384,493,597,676,373,276,176
LON.RRR.Close,703,703,703,79,251.5,143,807,751,768.5,558,80.5,43,48,229,579,730,117,42
LON.RST.Close,704,704,704,422,256,455,262,513,257,403,240,269,403,623,629,238,201,165
LON.RTC.Close,705,705,705,577,594,644.5,589,764,763,840,770,752,159,235,222,436,240,149
LON.RTHM.Close,706,706,706,725,345,74,13,65,289,571,262,295,363,636,338,246,272,507
LON.RUR.Close,707,707,707,763,468,752,758,204,166,38,668,248,418,59,102,726,432,795
LON.RWS.Close,708,708,708,214,360,245,196,207,392,374,260,79,188,306,681,525,227,136
LON.RXB.Close,709,709,709,725,623,481.5,285,754,840,847,791.5,633,712,666,908,914,919,929
LON.SAA.Close,710,710,710,256,248,589,564,398,188,337,610,359,658,287,653,215,450,449
LON.SAF.Close,711,711,711,522,542,492,450,518,770,710,688,538,701,691,132,67,61,366
LON.SAG.Close,712,712,712,591,442.5,624,216,274,260,518,370,245,289,284,365,105,221,189
LON.SAL.Close,713,713,713,450,652,731,798,795,874,860,838,518,775,752,412,122,26,59
LON.SALV.Close,714,714,714,922,925,755,748,702,475,182,197,238,330,608,433,646,580,447
LON.SAPO.Close,715,715,715,325,687.5,927,636.5,925,635,219.5,928,129,889,889,909,121,639,29
LON.SAR.Close,716,716,716,4,11,142,678,657,85,111,217,855,640,358.5,238,599,541,391
LON.SAT.Close,717,717,717,31,68,405,755,634,362,311,265,456,201,337,451,600,719,715
LON.SAV.Close,718,718,718,58,46,60.5,56,168,185.5,560,69,88,90,725,453,713,189,283.5
LON.SAVP.Close,719,719,719,923,926,928,927,926,929,467,460.5,621,478,428,106,97,107,661
LON.SBTX.Close,720,720,720,924,927,929,928,927,930,932,929,933,934,933,936,938,938,930
LON.SCE.Close,721,721,721,733,553,437,64,76,77,316,578,759,772,772,662,550,489,504
LON.SCHO.Close,722,722,722,523,329,423.5,616,697,400,465,419,587.5,559,495,519,314,133,82
LON.SCLP.Close,723,723,723,646,393,381,165,554,644,731,680,594,595,588,576,740,819,835
LON.SCPA.Close,724,724,724,174,105,132,260,675,557,324,125,132,271,264,409,191,103,51
LON.SDI.Close,725,725,725,716.5,741,194,99,70.5,367,473,241,63,87,245,158,87,154,501
LON.SDM.Close,726,726,726,266,334,838,787,812,216,427,325,561,275,326,252.5,86,63,105
LON.SDX.Close,727,727,727,925,928,930,929,397,365,424,348,62,60,34,89,42,256,290
LON.SEE.Close,728,728,728,630,794,813.5,485,159.5,44,384.5,324,775,684,506,575,420,431,565
LON.SEV.Close,729,729,729,419,468,503.5,786,404,834,755,843,164,32,6,20,39,581,702
LON.SEY.Close,730,730,730,328,230,274,343,653,379,386,316,655,448,403,508.5,654,680,541
LON.SFE.Close,731,731,731,337,420,659,392,436,294,576,507,304,276,338,438,295,429,526
LON.SGI.Close,732,732,732,854,850,832,604,374,272,843,793,473,261,638,856,768,202,43
LON.SGM.Close,733,733,733,568,392,554,544,463,689,672,629,222,343,742,811.5,707,174,106
LON.SGR.Close,734,734,734,749,753,686,763,782.5,745,588,505,454,497,377,383,287,414,494
LON.SGZ.Close,735,735,735,117,374,180,117,528,847,870,654,626,512.5,796,700,794,633,153
LON.SHG.Close,736,736,736,423,689,262,156,98,80,128,232,696,770,378,556,806,805,699
LON.SHOE.Close,737,737,737,524,371,532,560,714,683,637,382,341,349,611,500,498,381,516
LON.SHRE.Close,738,738,738,396,489,364,327,356,606,668,494,494,527,627,481,519,630.5,652
LON.SIM.Close,739,739,739,194,135,270,342,130,313.5,154,636,681,711,556,644,629,542,371
LON.SIPP.Close,740,740,740,255,694,694.5,606,311.5,227,225,236,441,402,727,800,813,853.5,734
LON.SIR.Close,741,741,741,379,320,407,424,529,348,278,220,314,469,424,353,290,372,445
LON.SIS.Close,742,742,742,338,282,463,283,107,87,293,532,440,127,136,208,535,533,511
LON.SIXH.Close,743,743,743,729,342,497,727,300,440,129,477,407,282,95,131,503,683,442
LON.SKIN.Close,744,744,744,926,929,931,930,928,931,933,930,934,935,934,937,939,939,931
LON.SLE.Close,745,745,745,927,930,932,931,929,932,934,684,194,226,230,460,677,861,874
LON.SLN.Close,746,746,746,628,491,621,598,732,317,404,378,710,704,785,682,777,318,357
LON.SLNG.Close,747,747,747,688,280,851,812,930,933,760,931,935,604.5,173,938,912,880,204
LON.SLP.Close,748,748,748,603,331,309,166,340,191,216,440,652,354,83,101,138,597,639.5
LON.SMA.Close,749,749,749,70,394,697,558,61,19,28,92,836.5,887,844,720,489.5,522,746.5
LON.SML.Close,750,750,750,180,7,26,657,810.5,161,32,60,161,512.5,19,12,4,6,21
LON.SMS.Close,751,751,751,455,232,365,246,148,109,227,456,601,371,312,376,532,671,719
LON.SMTG.Close,752,752,752,386,399.5,338,539,567,562,312,309.5,372,586.5,628,623,338,262,182
LON.SND.Close,753,753,753,348,278,610.5,565,693,608,639,431,387,307,302,318,272,531,701
LON.SNG.Close,754,754,754,108,94,181,611,269,309,871,878,887,319,47,29,852,907,886
LON.SNT.Close,755,755,755,258.5,518,715,221,791,194,730,664,645,708,875,907,904,898,257
LON.SNX.Close,756,756,756,171,151,330,121,218,113,491,405,691,673,261,327,163,649,502
LON.SO4.Close,757,757,757,36,579,425,93,44,127,159,365,151,232,319,346,830,794,750
LON.SOG.Close,758,758,758,397,287,202,112,164,144,222,259,570,723,794,727,156,59,49
LON.SOLG.Close,759,759,759,109,211,552,83,15,6,3,7,55,450,104,57,65,205,505
LON.SOLI.Close,760,760,760,819,456,668,473.5,303,68,160,235,592,237,317,594,696,662,539
LON.SOLO.Close,761,761,761,691.5,791,685,435,382.5,587,654,560,142,24,11,47,710,906,855
LON.SOM.Close,762,762,762,320,266,257,218,396,344,432,77,154,96,298,99,130,204,658
LON.SOU.Close,763,763,763,622,528,272,8,7,5,49,182,700,668,246,406,541,775,712
LON.SPA.Close,764,764,764,310,545,690,665,654,645,859,848.5,884,869,849,49,16,21,685
LON.SPDI.Close,765,765,765,797,795,652,636.5,931,695,510.5,932,258,936,668,162,940,143,932
LON.SPE.Close,766,766,766,112,85,70,21,9,20,102,409,249,80,105,186,285,746,723
LON.SPH.Close,767,767,767,660,588,582,587,695,692,603,299,156,313,657,589,350,417.5,596
LON.SPHR.Close,768,768,768,106,77,750,698,306,249,289,595,686,875,884,827,649,87,187
LON.SPPC.Close,769,769,769,928,809,669,108,242.5,232,413,440,317,732,676,690,571,784,794
LON.SPRP.Close,770,770,770,835,833,787,130,393,656,742,406,243,252,300,558,279,433,216
LON.SPSC.Close,771,771,771,929,931,933,932,932,934,935,933,936,937,935,939,941,940,28
LON.SPSY.Close,772,772,772,276,197,169,320,534,570,344,334,343,91,74,50,31,29,90
LON.SQS.Close,773,773,773,626,630,628,414,214,107,191,250,397,394,500,808,807,842,653
LON.SQZ.Close,774,774,774,102,149,282,303,87,192,361,619,382,58,40,51,74,184,256
LON.SRB.Close,775,775,775,115,156,100,57,197,627,805,593,725,540,558,262,306,474,405
LON.SRC.Close,776,776,776,765,284.5,150.5,24,616,779,868,934,937,338,936,940,593,345,321
LON.SRES.Close,777,777,777,666,124.5,185,70.5,450.5,386.5,771,812,791,756,740.5,648,722,603,461
LON.SRO.Close,778,778,778,476.5,550,608,672,537,642,151,126,501.5,793,751,387.5,92,11,7
LON.SRON.Close,779,779,779,930,932,934,933,933,935,936,935,938,938,937,941,942,828,838
LON.SRSP.Close,780,780,780,345,781,657,209,62,59,84,78,66,28,182,303,408,120,298
LON.SRT.Close,781,781,781,55,34,212,48,133,389,778,692,444,615,659,660,270,128,53
LON.SSTY.Close,782,782,782,443,452,560,610,553,681,787,693,404,306,486,273,247,186,461
LON.SSY.Close,783,783,783,529,398,287,308,149,169,171,207,201,213,591,488,581,397,555
LON.STAF.Close,784,784,784,685,717,826,685,557,403,682,666,480,147,214,129,240,119,166
LON.STAR.Close,785,785,785,76,24,96,210,647,532,568,630,212,250,813,894,871,377,232.5
LON.STCM.Close,786,786,786,648,409.5,88,33,47,615,807,742,515,655,714,666.5,512,781,776
LON.STEL.Close,787,787,787,787,837,768,518,212,936,937,936,939,939,938,942,943,507,25
LON.STI.Close,788,788,788,131,324,153,388,573,680,573,302,498,687,562,370,731,743,847
LON.STL.Close,789,789,789,83,430.5,323,191,91,539,623,657,335,637,706,479,444,657,738
LON.STM.Close,790,790,790,304,713,773,764,372,243,124,309.5,743,449,474,689,822,736,173
LON.STR.Close,791,791,791,519,378,250,181,550,429.5,585,502,704,700,633,545,432,456,485
LON.STX.Close,792,792,792,931,327,614,575,635,278,327,288,476,578,585,583,489.5,474,448
LON.STY.Close,793,793,793,225,40,46,61,179,255.5,164,568,421.5,657,341,247,297,634,834
LON.SUH.Close,794,794,794,427,380,193,321.5,289,502,523,672,659,670,444,587,419,488,250.5
LON.SULA.Close,795,795,795,748,687.5,595,743.5,810.5,857,77,28,13,69,28,54,40,776,572
LON.SUMM.Close,796,796,796,375,375,166,653,678,327,35,37,240,726,371,98,409,654,707
LON.SUN.Close,797,797,797,160,116,550,458,55,174,57,209,34,253,511,756,463,331,254
LON.SVCA.Close,798,798,798,513,182,607,530,724,407,357.5,640,636,694,366,290,159,212,124.5
LON.SVE.Close,799,799,799,69,144,8,832.5,591,322,299,778,838.5,155,56,194.5,558,253,41
LON.SWG.Close,800,800,800,476.5,218,357.5,197,297.5,32,6,4,10,34.5,409,498,885,744,620
LON.SWL.Close,801,801,801,704,642,342,135,83,75,221,186,409,106,188,271,342,178,99
LON.SXX.Close,802,802,802,84.5,78,105,79,23,63,114,874,859,886,595,310,83,35,40
LON.SYM.Close,803,803,803,671,310,75,328,793,751,458,371,674,203,25,21,9,82,213.5
LON.SYS.Close,804,804,804,594,616,494,2,2,2,563,499,583,682,775,738,665,510,560
LON.SYS1.Close,805,805,805,440,183,238,142,170,98,265,257,291,70,89,90,245,108,374
LON.TAIH.Close,806,806,806,782,349,585,854,220.5,38,9,721,517,285,67,671,909,916,933
LON.TAN.Close,807,807,807,653.5,468,767,654,747.5,162,304,296.5,421.5,395,436,351.5,422,250,317
LON.TAP.Close,808,808,808,509,519,416,40,26,34,354,517,192.5,47,94,63,184,123,382
LON.TAST.Close,809,809,809,425,309,332,463,358,650,693,767,573,630,812,891,905,884,803
LON.TAU.Close,810,810,810,638.5,649.5,679.5,706.5,663,849.5,818.5,937,421.5,219.5,939,242,745,941,934
LON.TAVI.Close,811,811,811,380,43,84,115,726,816,800,842,841,811,717.5,680,241,113,103
LON.TAX.Close,812,812,812,932,933,935,934,934,937,658,534,556,672,678,599,377,303,242
LON.TBGR.Close,813,813,813,560,934,226,935,935,501,938,154,208,250,192,156,217,482,607
LON.TCA.Close,814,814,814,631,598,936,272.5,266,938,384.5,440,394,512.5,564,439,425,288,390
LON.TCF.Close,815,815,815,606,600,472,471,260.5,372,244,480,396,569,639,590,468,328,523
LON.TCM.Close,816,816,816,515,498,200,87,332,401,567,276,378,300,411,173,124,232,628
LON.TCN.Close,817,817,817,442,109,170,578,740,598,284,118,42,73,240,725,351,91,37
LON.TECH.Close,818,818,818,550,493,138,752,680,196,37,117,801,865,877,646,844,783,762
LON.TEF.Close,819,819,819,610,361,537,588,640,575,466,523,338,293,340,287,134,187,259
LON.TEK.Close,820,820,820,383,556,819,739,794,412,362,251,465,610,275,147,415,830,859
LON.TERN.Close,821,821,821,672,250,707.5,767,814,208,445,768,876,459,143,202,479,616,471
LON.TETH.Close,822,822,822,207,54,72,5,5,7,806,762,792,37,24,23,652,824,816
LON.TFW.Close,823,823,823,403,481,241,455,373,471,322,161,114,209,479,430,257,153,169
LON.THAL.Close,824,824,824,207,111,187,284,700,765,726,305,93,52,86,209,318,474,263
LON.THR.Close,825,825,825,761,354,129,202,525,675,669,887,824,295,1,14,94.5,139,854
LON.TIDE.Close,826,826,826,216,723,687,376,476,577,629,655,226,277.5,226,532,509,213,218
LON.TILS.Close,827,827,827,680,418,101,73,84,360,476,346,410,491,761,473,219,244,638
LON.TIR.Close,828,828,828,636.5,632,60.5,708,411,800,59,736,268,689,118,34,326,438,597.5
LON.TJI.Close,829,829,829,5,4,22,31,80,105.5,621,648,541,121,158,451,588,387,287
LON.TLA.Close,830,830,830,162,127,321,319,472,817,850,790,751,835,806,330,209,586,820
LON.TLOU.Close,831,831,831,810,802,254,46,13,15,111,581,812,825,181,766,396,787,394
LON.TLY.Close,832,832,832,659,580,555,339,110,578,540,719,670,617,537.5,377,414,716,722
LON.TMMG.Close,833,833,833,447,483,561,526,624,286,334,180,500,325,472,593,582.5,517,446
LON.TMO.Close,834,834,834,933,935,937,936,936,443,449,469,421.5,560,581.5,551,560,513,519
LON.TMT.Close,835,835,835,934,936,938,937,937,939,939,938,766,621,940,180.5,431,434,935
LON.TND.Close,836,836,836,794,789,288,579,708,687,691,605,360,606,364,135,98,151,706
LON.TOM.Close,837,837,837,735,424,145,618,803,785.5,495,809,778,661,401,251,833,483,175
LON.TOT.Close,838,838,838,230,290,350,393,360,308,163,266,215,422,422,444,375,287,245
LON.TPF.Close,839,839,839,343,332,223,296,359,460,241,291,223,530,400,544,389,466,418
LON.TPFG.Close,840,840,840,288,227,447,585,762,244,416,483,719,662,327,280,135,243,252
LON.TPG.Close,841,841,841,123,178,117,66,73,118,605.5,613,99,128,81,216,202,745,605
LON.TPOP.Close,842,842,842,850,844.5,798,805,450.5,385,522,881,894,891,119,116,196,827,861
LON.TPS.Close,843,843,843,313,796,766,713,831.5,760,756,440,780.5,204,21,911,916,917,11.5
LON.TRAF.Close,844,844,844,46,69,108,697,576,616,708,646,537,707,233,483.5,673,585,936
LON.TRAK.Close,845,845,845,278,294,523,736,655,753,801,871,867,858,864,820,799,31,70.5
LON.TRB.Close,846,846,846,42,118,357.5,116,379,437,533,464,361,146,128,112,142,214,307
LON.TRC.Close,847,847,847,801.5,823,740,829,665,872.5,83,54,728,900,903,889,340,422,937
LON.TRCS.Close,848,848,848,384.5,521,581,599,385,267,212,373,481,521,833,745,752,405,704
LON.TRE.Close,849,849,849,845,840,865,207,216,129,146,63,695,878,888,855,756,790,745
LON.TREE.Close,850,850,850,357.5,685,206,363,365,671,356,88,94,243,345,316,149,407,401
LON.TRIN.Close,851,851,851,441,758,754,824,938,940,940,939,940,940,941,943,46,615,691
LON.TRP.Close,852,852,852,840,841,845,791,824,879,881,880,783,555,357,317,508,491,938
LON.TRT.Close,853,853,853,187.5,251.5,763,428,35,31,93,752,683,664,259,668,815,885,790
LON.TRX.Close,854,854,854,155,164,663,510,415,419,483,700,283,320,547,782,788,668,711
LON.TSG.Close,855,855,855,26,555,291,415,190,126,218,587,727,486,307,531,729,691,482
LON.TSL.Close,856,856,856,935,937,939,938,939,941,941,940,941,941,942,633,741,665,799
LON.TST.Close,857,857,857,369,1,1,3,186,81,67,206,115,565,297,746,103,465,266
LON.TSTL.Close,858,858,858,676,534,507,249,177,102,179,140,435,437,504,143,204,161,639.5
LON.TSTR.Close,859,859,859,65,257.5,543,527,450.5,74,201,72,576,123,71,78,147,474,814
LON.TTR.Close,860,860,860,695,715,380,248,592,416,592,386,521,419,102,128,69,521,404
LON.TUNE.Close,861,861,861,433,386,631,569,316,503,193,176,80,185,415,475,412,70,79
LON.TUNG.Close,862,862,862,632,733,464,465,248,125,368,627,698,247,362,459,658,265,117
LON.TYM.Close,863,863,863,329,147,616,774,713,746,526,562,685,778,780,793,823,855,746.5
LON.TYR.Close,864,864,864,88,415,236,723,807,837,862,785,579,474,478,778,811,846,658
LON.UBI.Close,865,865,865,780,804,799,531,183,100,126,168,373,180,305,326,596,540,410
LON.UCG.Close,866,866,866,503,432,493,464,650,452,721,479,488,373,487,603,523,401,461
LON.UEN.Close,867,867,867,516.5,700,588,680.5,238,104,318,635,75,25,22,87,38,89,210
LON.UJO.Close,868,868,868,342,132,243,356.5,450.5,155.5,165,440,679,679,729.5,776,701,474,461
LON.UKOG.Close,869,869,869,92,811,762,795,284,185.5,285,755,656,529,476,737,697,785,804
LON.UKR.Close,870,870,870,438,47,357.5,161,738,749,339,214.5,53,472,834,678,668,315,939
LON.ULS.Close,871,871,871,508,177,172,148,516,551,377,184,58,108,198,491,359,146,107
LON.UNG.Close,872,872,872,159,158,190,298,488,693,717,685,584,594,732,657,291,78,65
LON.URA.Close,873,873,873,435,307,675,797,746,685.5,510.5,226.5,138,3,46,55,838.5,637,665
LON.URU.Close,874,874,874,785,657,694.5,760.5,450.5,480.5,11,102,21,11,2,6,268,875,871
LON.USG.Close,875,875,875,562,512,677,693.5,771,563,559,430,813,824,838,777,753,499,151
LON.UTW.Close,876,876,876,578,643,780,541,637,550,350,119,45,411,559,761,755,838,825
LON.UVEL.Close,877,877,877,624,724,761,276.5,731,408,142.5,41,144,599.5,692,356,639,3,3
LON.UVEN.Close,878,878,878,936,938,57,447,387,772,791,784,810,838,726,823,761,860,940
LON.VAL.Close,879,879,879,816.5,772,499,775,681,310,442.5,745,854,860,854,897,894,895,690
LON.VANL.Close,880,880,880,937,939,940,939,940,942,942,941,942,388,329,858,714,767,185
LON.VAST.Close,881,881,881,841,831,139.5,747,555,744,695,850,251,19,5,68,577,801.5,775
LON.VCP.Close,882,882,882,176,271,770,390,282,882,886,885,266,86,177,188,319,157,143
LON.VELA.Close,883,883,883,476.5,468,215.5,545,450.5,787,510.5,536.5,648,626.5,537.5,130,77,96,113
LON.VENN.Close,884,884,884,336,113,109,382,400,713,744,694,589,431,845,824,840,679,742
LON.VER.Close,885,885,885,678,763,804,543,588,248,690,724,707,764,816,837,865,836,813
LON.VGAS.Close,886,886,886,142,602,233,91,75,319,468.5,501,542,234,346,229,341,248,336
LON.VIP.Close,887,887,887,242,389,387,432,195,226,104,230,145,533,675,816.5,416,110,38
LON.VIS.Close,888,888,888,843,63,28,7,136,164,601,702,768.5,830,698.5,666.5,489.5,319.5,156
LON.VLE.Close,889,889,889,269,259,326,217,389,428,504,458,351,485,445,234,167,81,164
LON.VLG.Close,890,890,890,808,656,575,180,742,535,569,152,477,498,577,198,382,106,239
LON.VLS.Close,891,891,891,202,567,451.5,724,666,368.5,86,204,141,21,49,79,884,857,823
LON.VLTY.Close,892,892,892,938,940,941,940,941,282,809,178,87,97,111,117,82,164,135
LON.VNET.Close,893,893,893,353,377,445,438,491,603,479,490,346,643,427,528,474,334,194
LON.VNH.Close,894,894,894,272,281,244,204,254,484.5,457,504,445,593,620,670,477,439,313
LON.VNI.Close,895,895,895,638.5,284.5,167.5,265,450.5,587,263,275,318,512.5,622,912,917,918,11.5
LON.VNL.Close,896,896,896,247,279,510,534,602,374,279.5,263,326.5,512.5,537.5,508.5,337,304,240
LON.VOG.Close,897,897,897,261,742,496,636.5,421,676,535,572,386,308,36,32,24,699,867
LON.VRP.Close,898,898,898,446,448,347,504,505,632,169,286,497,782.5,786,658,672,496,641.5
LON.VRS.Close,899,899,899,538,293,214,717,784,796,279.5,191.5,235,573.5,85,42,23,286,671
LON.VSN.Close,900,900,900,585,449,211,490,524,662,519,481,379,584,508,562,356,545,450
LON.VTU.Close,901,901,901,707,640,797,647,719,425,684,679,547,482,278,322,275,549,654
LON.W7L.Close,902,902,902,939,941,942,941,942,943,943,942,943,942,90,256,102,27,19
LON.WAFM.Close,903,903,903,78,123,218,823,797,604.5,824,108,83,4,97,477.5,858,652.5,178
LON.WALG.Close,904,904,904,940,942,943,942,943,140,73,943,705,943,943,944,944,942,941
LON.WAN2.Close,905,905,905,941,943,944,943,944,944,944,944,944,944,23,17,22,39,180
LON.WAND.Close,906,906,906,45,108,648,740,338.5,137,676,506,528,14,27,30,72,170,326
LON.WATR.Close,907,907,907,703,582,85,92,57,222,295,465,265,94,109,218,254,643,531
LON.WEB.Close,908,908,908,59,20,55,803,829,830,738,169,76,59,291,520,778,793,339
LON.WEY.Close,909,909,909,588,33,349,505,763,604.5,305,611,649,495,93,11,7,7,112
LON.WGB.Close,910,910,910,405,546,638,446,273,212,389,524,432,512.5,550,454,369,388,567
LON.WHI.Close,911,911,911,398,537,454,385,310,139,144,165,364.5,512.5,435,408,261,546,622
LON.WINE.Close,912,912,912,181,268,443,555,618,801,808,788,363,194,367.5,447,317,257,174
LON.WINK.Close,913,913,913,213,416,692,673,641,555,444,563,647,709,624,526,386,271,268
LON.WJG.Close,914,914,914,942,944,276,263,475,380,435,321,487,260,216,174,145,167,181
LON.WKOF.Close,915,915,915,293,399.5,281,239,202,420,470,567,529,473,390,319.5,345,267,227
LON.WLFE.Close,916,916,916,488,659.5,744,568,627,700,839,709,516,745,618.5,750,360.5,605,400
LON.WOR.Close,917,917,917,716.5,181,160,261,531,747,765,300,71,189,537.5,767,335,306,942
LON.WPHO.Close,918,918,918,943,179,436,796,843,818,153,39,256,622,713,508.5,316,772,658
LON.WRES.Close,919,919,919,742,681,679.5,693.5,276,153,79,543,474,823,759,833,765,789,763
LON.WRL.Close,920,920,920,211,599,702,721,626,617,434,705.5,263,241,223.5,635,664,752,761
LON.WSBN.Close,921,921,921,54,35,17,77,106,151,130,554,457,768,568,561,489.5,150,575
LON.WSG.Close,922,922,922,829,812,128,11,11,42,243,825,785,880,841,890,789.5,175,45
LON.WSP.Close,923,923,923,944,468,411,944,425.5,596,622,474,221,399,944,650,360.5,943,943
LON.WTE.Close,924,924,924,137,468,375,576.5,636,610,425,249,297,339,450,279,406,453,678
LON.WTG.Close,925,925,925,619,254,340,501,589,670,689,714,597,494,482,741,766,806,660
LON.WTI.Close,926,926,926,9,10,58,856,864,852,456,12,11,23,829,811.5,876.5,844,840
LON.WYG.Close,927,927,927,530,367,684,688,757,537,391,415,229,228,350,839,816,755,253
LON.WYN.Close,928,928,928,663,678,603,315,141,230,242,520,239,539,200,259,211,722,713
LON.XLM.Close,929,929,929,246,426,505,228,155,150,156,245,369,434.5,388,304,364,249,192
LON.XSG.Close,930,930,930,363,304,348,639,335,108,167,557,697,172,470,136,354,77,353
LON.XTR.Close,931,931,931,772.5,641,837,858,869,880,875.5,870,828,849.5,99.5,508.5,489.5,910,877
LON.YNGA.Close,932,932,932,407,381,273,310,381,488,338,341,333,549,522,494,443,508,513
LON.YNGN.Close,933,933,933,400,301,258,259,279,335,321,485,531,616,521,495,355,353,342
LON.YOLO.Close,934,934,934,824,759,646,314,549,511.5,186,210,572,813,846,846,868,832,461
LON.YOU.Close,935,935,935,390,133,122,120,343,273,228,142,143,273,437.5,371,280,335.5,417
LON.ZAM.Close,936,936,936,798,764,485,444,22,35,24,383,166,327,372,577,555,436,787
LON.ZBO.Close,937,937,937,161,654,320,377,735,862,118.5,59,12,258,763,875,895,944,944
LON.ZIN.Close,938,938,938,476.5,830,854,863,850,636,74,76,15,29,57,829,719.5,840,774
LON.ZIOC.Close,939,939,939,22,90,136,642,601,742,414,14,9,12,315,440,748,792,784
LON.ZMNO.Close,940,940,940,658,727,357.5,198,285,854,872,852,682,766,824,807,758,725,724
LON.ZOL.Close,941,941,941,120,201,615,746,535,711,697,691,641,101,54,93,670,873,778
LON.ZOO.Close,942,942,942,494,382,598,378,629,444,612,134,621,355,722,220,166,420,623
LON.ZYT.Close,943,943,943,372,572,557,570,363,361,429,413,324,415,429,362,308,131,274
LON.ZZZ.Close,944,944,944,856,853,867,32,192,824,863,830,554,816,618.5,307,128,590,829
